date;time;heat_id;shift;steel_grade;CaO;SiO2;MgO;FeO;MnO;Al2O3;P2O5;BC;BT;BB;sample
13 01 23;22 54;35020030;B;1022;33.49;19.08;11.17;20.16;4.20;5.57;0.55;1.81;1.36;1.76;
13 01 23;23 01;35020039;C;1022;27.02;15.24;9.74;27.60;4.12;4.45;0.55;1.87;1.37;1.77;
14 01 23;00 29;35019993;B;1011;23.83;15.11;7.97;26.65;4.22;4.70;0.43;1.61;1.20;1.58;
14 01 23;00 36;35019998;A;1011;24.35;15.93;8.59;27.04;4.28;5.05;0.44;1.57;1.16;1.53;
14 01 23;00 43;35020004;C;1011;23.98;15.27;8.09;26.81;4.23;4.78;0.42;1.60;1.20;1.57;
14 01 23;00 51;35020022;C;1011;29.69;15.93;8.48;19.45;3.75;4.60;0.47;1.86;1.45;1.86;
14 01 23;00 58;35020014;B;1011;35.23;21.62;8.68;12.40;3.82;4.29;0.25;1.69;1.36;1.63;
18 01 23;14 47;35020072;A;1022;32.82;18.09;11.25;18.24;4.47;6.57;0.59;1.79;1.33;1.81;
18 01 23;15 04;35020082;A;1022;35.37;19.29;10.85;15.37;4.38;6.78;0.60;1.77;1.36;1.83;
18 01 23;15 11;35020085;A;1022;33.06;17.27;10.85;21.14;4.38;6.72;0.66;1.83;1.38;1.91;
21 01 23;13 19;35020124;B;1011;28.53;13.25;9.75;29.93;4.18;4.20;0.54;2.19;1.64;2.15;
21 01 23;13 36;35020117;A;1011;27.59;13.89;9.39;32.27;3.65;4.20;0.56;2.04;1.52;1.99;
21 01 23;13 43;35020066;B;1022;20.56;10.21;7.59;45.23;3.17;3.49;0.57;2.06;1.50;2.01;
21 01 23;13 51;35020092;C;1022;32.91;16.79;10.31;18.46;3.96;5.59;0.52;1.93;1.47;1.96;
26 01 23;11 33;35020090;C;1022;30.13;16.50;10.32;23.22;3.95;5.46;0.51;1.84;1.37;1.83;
26 01 23;11 41;35020110;B;1022;31.73;16.28;10.52;23.69;3.91;5.40;0.55;1.95;1.46;1.95;
26 01 23;11 41;35020110;B;1022;31.73;16.28;10.52;23.69;3.91;5.40;0.55;1.95;1.46;1.95;
26 01 23;11 41;35020110;B;1022;31.73;16.28;10.52;23.69;3.91;5.40;0.55;1.95;1.46;1.95;
26 01 23;14 38;35020110;B;1022;31.72;16.27;10.62;23.74;3.92;5.36;0.56;1.96;1.47;1.95;
26 01 23;15 00;35020110;B;1022;31.74;16.35;10.68;23.73;3.94;5.42;0.56;1.95;1.46;1.94;
26 01 23;15 09;35020110;B;1022;31.70;16.32;10.57;23.72;3.92;5.40;0.55;1.95;1.46;1.94;
26 01 23;15 18;35020110;B;1022;31.77;16.30;10.61;23.80;3.93;5.42;0.56;1.95;1.46;1.95;
26 01 23;15 33;35020110;B;1022;31.64;16.34;10.44;23.69;3.90;5.36;0.55;1.94;1.46;1.94;
26 01 23;16 45;35020110;B;1022;31.64;16.26;10.50;23.70;3.95;5.41;0.56;1.94;1.46;1.95;
26 01 23;17 27;35020110;B;1022;31.84;16.44;10.59;23.74;3.93;5.48;0.55;1.94;1.45;1.94;
26 01 23;17 34;35020090;C;1022;30.21;16.59;10.33;23.24;3.92;5.49;0.49;1.84;1.37;1.82;
26 01 23;17 41;35020191;B;1008;26.33;14.67;10.32;32.83;4.01;3.96;0.87;1.97;1.41;1.80;
26 01 23;17 48;35020197;B;1008;26.16;14.64;10.30;32.61;3.97;3.98;0.85;1.96;1.41;1.79;
26 01 23;17 56;35020184;C;1008;28.35;15.09;9.60;25.77;4.56;4.44;0.82;1.94;1.45;1.88;
26 01 23;18 03;35020196;B;1008;25.46;13.87;9.56;32.25;3.92;3.69;0.79;2.00;1.45;1.84;
26 01 23;18 10;35020170;C;1008;28.86;15.53;9.95;26.02;4.64;4.61;0.87;1.93;1.43;1.86;
26 01 23;18 18;35020172;B;1008;28.40;13.60;9.21;29.83;4.22;3.89;0.84;2.15;1.62;2.09;
26 01 23;18 25;35020132;A;1011;29.32;17.24;10.47;16.22;3.55;5.71;0.53;1.73;1.28;1.70;
26 01 23;18 32;35020166;C;1011;30.23;16.30;12.33;21.51;4.67;5.22;0.49;1.98;1.40;1.85;
30 01 23;15 38;35020121;A;1011;30.18;19.19;11.86;20.20;3.85;5.50;0.49;1.70;1.22;1.57;
30 01 23;15 54;35020148;B;1523;27.76;14.59;8.63;29.29;3.55;4.25;0.55;1.93;1.47;1.90;
30 01 23;16 02;35020181;A;1523;30.85;15.27;9.88;25.37;3.76;4.90;0.63;2.02;1.53;2.02;
30 01 23;16 09;35020202;C;1523;30.69;18.29;12.06;22.03;3.95;5.35;0.54;1.81;1.30;1.68;
30 01 23;16 16;35020209;B;1523;30.73;17.31;10.93;22.87;4.09;5.75;0.57;1.81;1.33;1.77;
30 01 23;16 23;35020214;B;1523;29.31;19.07;11.24;17.40;3.64;5.18;0.40;1.67;1.21;1.54;
30 01 23;16 31;35020216;A;1523;30.49;20.67;12.41;17.65;3.84;5.78;0.46;1.62;1.15;1.48;
30 01 23;16 38;35020223;A;1523;29.99;18.64;11.14;22.50;4.57;5.96;0.58;1.67;1.22;1.61;
30 01 23;16 45;35020227;C;1523;30.91;16.71;9.39;24.32;4.17;5.17;0.59;1.84;1.41;1.85;
30 01 23;16 53;35020240;A;1523;31.01;19.59;11.64;20.86;4.56;6.29;0.56;1.65;1.20;1.58;
30 01 23;18 47;35020283;C;1011;30.08;19.04;11.90;20.16;3.84;5.54;0.49;1.71;1.22;1.58;
30 01 23;18 54;35020252;B;1523;27.77;14.57;8.58;29.10;3.57;4.23;0.54;1.93;1.48;1.91;
30 01 23;19 01;35020242;C;1523;30.75;15.29;9.99;25.34;3.75;4.90;0.63;2.02;1.52;2.01;
30 01 23;19 08;35020272;B;1022;27.80;17.33;10.64;24.00;3.94;5.76;0.58;1.66;1.20;1.60;
30 01 23;19 16;35020257;A;1523;29.32;18.89;11.18;17.49;3.65;5.15;0.43;1.68;1.22;1.55;
30 01 23;19 23;35020250;B;1523;30.83;18.21;12.05;22.01;3.97;5.34;0.53;1.82;1.31;1.69;
30 01 23;19 30;35020268;C;1022;27.47;16.34;9.94;26.43;4.08;5.46;0.60;1.72;1.26;1.68;
31 01 23;16 20;35020305;A;1022;27.58;16.99;10.27;23.92;3.91;5.53;0.57;1.68;1.22;1.62;
31 01 23;16 36;35020312;C;1022;27.47;16.30;10.07;26.42;4.04;5.41;0.60;1.73;1.26;1.68;
02 02 23;16 01;35020318;C;1022;31.47;18.81;10.90;15.71;3.76;6.01;0.45;1.71;1.27;1.67;
02 02 23;16 18;35020333;C;1022;32.49;17.88;11.26;18.67;3.57;5.83;0.53;1.84;1.37;1.82;
02 02 23;16 30;35020319;B;1022;32.70;19.28;11.99;15.64;3.62;5.39;0.50;1.81;1.33;1.70;
02 02 23;16 39;35020323;A;1022;27.58;17.16;10.49;23.73;3.90;5.49;0.57;1.68;1.22;1.61;
02 02 23;16 51;35020238;B;1022;27.52;16.47;10.04;26.44;4.06;5.39;0.60;1.72;1.26;1.67;
02 02 23;19 47;35020336;C;1022;32.66;19.40;11.84;15.46;3.61;5.22;0.48;1.81;1.33;1.68;
02 02 23;19 54;35020317;C;1022;27.56;16.59;10.07;26.17;4.04;5.30;0.59;1.72;1.26;1.66;
02 02 23;20 02;35020345;A;1022;31.44;19.03;10.89;15.74;3.77;5.86;0.44;1.70;1.26;1.65;
02 02 23;20 12;35020347;A;1022;27.92;17.38;10.52;23.58;3.94;5.36;0.53;1.69;1.23;1.61;
06 02 23;17 37;35020358;B;1022;32.64;19.40;11.76;15.44;3.59;5.25;0.48;1.80;1.32;1.68;
06 02 23;17 53;35020366;A;1022;27.45;16.42;10.13;26.14;4.00;5.32;0.60;1.73;1.26;1.67;
06 02 23;18 01;35020364;A;1022;31.06;18.72;10.80;15.50;3.69;5.83;0.44;1.71;1.27;1.66;
06 02 23;18 18;35020377;B;1523;29.12;18.46;11.02;18.92;3.72;5.41;0.49;1.68;1.22;1.58;
06 02 23;18 27;35020421;A;1011;27.31;18.17;10.48;24.48;3.93;5.27;0.55;1.61;1.16;1.50;
06 02 23;18 34;35020414;A;1011;27.29;17.78;10.78;24.30;4.03;5.46;0.56;1.64;1.17;1.54;
06 02 23;18 41;35020384;A;1523;28.52;19.66;9.62;23.66;3.64;6.39;0.52;1.46;1.09;1.45;
06 02 23;18 53;35020386;A;1523;29.93;19.51;11.90;20.22;3.82;5.94;0.54;1.64;1.18;1.53;
06 02 23;19 00;35020371;A;1011;27.74;18.39;9.71;24.10;3.63;5.86;0.50;1.54;1.14;1.51;
10 02 23;13 47;35020500; C;1523;29.26;16.58;10.15;21.79;4.04;5.14;0.55;1.81;1.35;1.76;
10 02 23;13 55;35020475;A;1523;29.66;14.67;8.35;24.60;3.23;4.15;0.45;2.02;1.58;2.02;
10 02 23;14 02;35020469;A;1523;24.65;8.59;6.08;37.24;3.21;2.37;0.51;2.80;2.25;2.87;
10 02 23;14 10;35020493;A;1523;31.76;15.59;10.22;22.58;4.29;5.12;0.59;2.03;1.53;2.04;
10 02 23;14 17;35020496;A;1523;29.39;14.10;8.75;21.28;4.27;4.45;0.49;2.06;1.58;2.08;
10 02 23;14 24;35020485;C;1523;30.40;17.72;11.16;22.33;4.17;5.62;0.60;1.78;1.30;1.71;
10 02 23;14 32;35020489;B;1523;28.07;15.18;9.14;20.98;3.89;4.55;0.47;1.89;1.42;1.85;
10 02 23;14 39;35020500; C;1523;29.29;16.52;10.21;21.77;4.04;5.14;0.53;1.82;1.35;1.77;
23 02 23;17 42;35020627;C;1022;30.86;16.73;11.01;24.00;4.04;5.87;0.59;1.85;1.37;1.85;
23 02 23;17 49;35020627;C;1022;32.15;17.89;12.16;24.67;4.19;6.39;0.66;1.83;1.32;1.80;
23 02 23;17 56;35020627;C;1022;32.73;18.24;13.08;25.12;4.28;6.80;0.67;1.83;1.31;1.79;
03 03 23;08 33;35020764;A;1022;33.07;19.08;12.89;23.76;5.37;6.62;0.71;1.79;1.29;1.73;
03 03 23;08 50;35020772;C;1022;30.76;18.41;12.93;27.62;4.84;6.31;0.57;1.77;1.24;1.67;
03 03 23;11 59;35020764;A;1022;30.95;19.02;12.45;21.17;4.41;6.49;0.71;1.70;1.21;1.63;
03 03 23;12 15;35020772;C;1022;27.95;18.53;12.85;24.52;3.89;6.11;0.59;1.66;1.13;1.51;
03 03 23;13 55;35020772;C;1022;27.70;18.27;12.83;26.48;3.80;4.39;0.55;1.79;1.22;1.52;
03 03 23;14 08;35020764;A;1022;30.63;18.73;12.66;22.77;4.35;4.42;0.63;1.87;1.32;1.64;
03 03 23;14 15;35020772;C;1022;27.86;18.34;12.92;26.49;3.79;4.37;0.54;1.80;1.23;1.52;
06 03 23;08 42;35020627; C;1022;30.58;15.51;10.70;24.14;3.92;4.28;0.54;2.09;1.55;1.97;
06 03 23;08 58;35020782;A;1022;29.37;17.54;11.41;21.98;4.10;4.71;0.51;1.83;1.32;1.67;
06 03 23;09 06;35020788;C;1022;26.68;17.60;11.19;24.83;3.88;4.39;0.51;1.72;1.21;1.52;
06 03 23;15 46;35020782;A;1022;31.16;19.84;13.78;22.63;4.35;4.89;0.59;1.82;1.26;1.57;
06 03 23;16 02;35020788;C;1022;27.97;20.73;13.93;25.91;4.06;4.69;0.60;1.65;1.10;1.35;
06 03 23;16 54;35020782;A;1022;32.30;20.07;13.34;21.45;4.44;7.52;0.64;1.65;1.17;1.61;
06 03 23;17 02;35020788;C;1022;28.85;21.18;13.72;24.21;4.18;6.85;0.64;1.52;1.03;1.36;
08 03 23;11 50;35020730;C;1022;31.60;21.70;14.03;19.34;4.09;5.04;0.50;1.71;1.18;1.46;
08 03 23;12 07;35020749;C;1022;32.46;21.51;11.65;16.31;5.44;5.50;0.55;1.63;1.20;1.51;
08 03 23;12 16;35020730;C;1022;32.47;21.94;13.29;18.24;4.19;7.74;0.52;1.54;1.09;1.48;
08 03 23;12 23;35020749;C;1022;33.10;21.62;10.73;15.19;5.45;7.53;0.57;1.50;1.14;1.53;
10 03 23;09 50;35020713;C;1022;30.75;20.65;13.01;22.07;4.26;4.83;0.58;1.72;1.21;1.49;
10 03 23;10 07;35020713;C;1022;31.98;21.00;12.63;20.91;4.41;7.06;0.60;1.59;1.14;1.52;
14 03 23;15 10;35020832;A;1015;29.75;17.18;9.57;34.22;4.24;4.83;0.68;1.79;1.35;1.73;
14 03 23;15 26;35020832;A;1015;32.67;16.88;12.23;26.53;4.33;4.11;0.62;2.14;1.56;1.94;
14 03 23;15 49;35020832;A;1015;32.66;16.85;12.13;26.52;4.34;4.14;0.62;2.13;1.56;1.94;
15 03 23;11 54;35020849;A;1015;26.57;14.81;8.97;41.06;4.36;4.40;0.66;1.85;1.38;1.79;
15 03 23;12 11;35020849;A;1015;30.71;16.47;10.60;31.99;4.53;4.44;0.66;1.98;1.47;1.86;
16 03 23;08 18;35020846;B;1015;30.42;16.39;26.66;20.28;4.45;0.99;0.95;3.28;1.75;1.86;
16 03 23;08 34;35020846;B;1015;34.23;18.38;11.10;22.98;4.63;4.30;0.60;2.00;1.51;1.86;
17 03 23;08 17;35020866;A;1011;32.33;15.22;11.02;28.86;4.57;4.08;0.60;2.25;1.67;2.12;
17 03 23;08 33;35020866;A;1011;30.81;16.23;9.59;32.15;4.50;4.33;0.62;1.96;1.50;1.90;
17 03 23;16 45;35020880;B;1011;33.07;20.07;11.61;19.78;4.17;4.56;0.50;1.81;1.34;1.65;
17 03 23;17 01;35020880;B;1011;33.98;19.62;12.82;16.79;4.24;4.23;0.56;1.96;1.42;1.73;
21 03 23;16 51;35020922;C;1011;35.74;16.97;14.77;18.16;3.94;3.57;0.69;2.46;1.74;2.11;
22 03 23;11 22;35020950;;1008;28.94;17.46;10.76;33.50;4.25;3.47;0.84;1.90;1.38;1.66;
22 03 23;11 34;35020950;;1008;32.86;18.59;11.28;24.80;4.03;3.38;0.81;2.01;1.50;1.77;
27 03 23;16 00;35020998;A;1523;27.62;17.12;11.83;32.32;4.14;4.13;0.58;1.86;1.30;1.61;
27 03 23;16 07;35020998;A;1523;29.51;17.79;13.62;27.80;4.06;3.72;0.56;2.01;1.37;1.66;
27 03 23;16 15;35021003;C;1523;30.39;17.58;10.79;30.67;4.46;4.61;0.67;1.86;1.37;1.73;
27 03 23;16 22;35021003;C;1523;30.61;17.61;11.26;28.87;4.39;4.30;0.64;1.91;1.40;1.74;
28 03 23;07 43;35021045;C;1008;30.50;17.40;10.30;30.63;4.32;3.95;0.81;1.91;1.43;1.75;
28 03 23;08 00;35021045;C;1008;31.03;14.97;10.12;31.11;3.80;3.40;0.74;2.24;1.69;2.07;
30 03 23;08 51;35021034;C;1006;28.76;15.71;9.33;26.38;4.06;3.51;0.72;1.98;1.50;1.83;
30 03 23;08 58;35021034;C;1006;28.67;15.61;9.44;26.39;4.05;3.47;0.70;2.00;1.50;1.84;
30 03 23;09 06;35020972;A;1008;29.96;14.38;9.88;28.86;3.91;3.18;0.65;2.27;1.71;2.08;
30 03 23;09 13;35020972;A;1008;29.83;14.23;9.76;28.85;3.87;3.15;0.65;2.28;1.72;2.10;
30 03 23;09 20;35021023;C;1008;28.07;16.13;10.31;27.98;4.76;3.72;0.70;1.93;1.41;1.74;
30 03 23;09 28;35021023;C;1008;30.89;14.65;10.88;25.51;4.12;3.28;0.65;2.33;1.72;2.11;
30 03 23;09 35;35021045;C;1008;28.78;14.68;8.73;29.07;4.03;3.40;0.67;2.08;1.59;1.96;
30 03 23;09 42;35021045;C;1008;33.32;17.21;10.10;22.60;3.53;2.47;0.41;2.21;1.69;1.94;
31 03 23;01 18;35021072;C;1011;31.10;19.87;11.66;20.61;4.23;4.57;0.52;1.75;1.27;1.57;
31 03 23;01 25;35021072;C;1011;30.66;19.35;12.86;20.00;4.40;4.37;0.60;1.83;1.29;1.58;
31 03 23;01 33;35021082;B;1011;31.30;19.81;11.53;20.76;4.29;4.56;0.55;1.76;1.28;1.58;
31 03 23;01 40;35021082;B;1011;29.72;18.33;12.21;19.63;4.26;4.30;0.57;1.85;1.31;1.62;
31 03 23;01 47;35021091;A;1011;30.36;19.01;11.24;20.52;4.16;4.48;0.51;1.77;1.29;1.60;
31 03 23;01 54;35021091;A;1011;29.30;18.03;12.24;19.46;4.16;4.25;0.58;1.86;1.32;1.63;
31 03 23;12 21;1;C;1011;30.25;22.27;11.50;22.95;3.89;5.39;0.59;1.51;1.09;1.36;
31 03 23;12 37;2;C;1011;30.43;21.94;11.79;22.89;3.82;5.18;0.53;1.56;1.12;1.39;
03 04 23;13 44;35021142;A;1011;29.78;19.69;12.78;24.17;4.05;4.95;0.62;1.73;1.21;1.51;
03 04 23;14 01;35021142;A;1011;29.43;18.96;14.41;26.09;3.94;4.15;0.55;1.90;1.27;1.55;
03 04 23;15 53;35021128;C;1523;30.14;18.62;11.92;28.51;3.89;4.22;0.64;1.84;1.32;1.62;
03 04 23;16 30;35021128;C;1523;31.00;19.14;12.91;26.37;3.98;4.01;0.61;1.90;1.34;1.62;
06 04 23;11 45;35021208;C;1523;30.45;21.52;13.72;19.71;4.41;5.37;0.51;1.64;1.13;1.41;
06 04 23;12 01;35021208;C;1523;30.68;21.00;14.41;20.71;4.25;4.96;0.53;1.74;1.18;1.46;
06 04 23;12 09;35021195;C;1523;32.35;21.03;13.73;20.44;3.60;4.66;0.55;1.79;1.26;1.54;
06 04 23;12 45;35021195;C;1523;22.96;14.90;10.41;14.87;2.35;4.21;0.37;1.75;1.20;1.54;
08 04 23;10 56;35021162;C;1016;25.84;15.89;10.71;32.52;4.03;3.91;0.54;1.85;1.31;1.63;
08 04 23;11 13;35021162;C;1016;26.21;14.91;9.63;32.13;3.80;3.91;0.53;1.90;1.39;1.76;
08 04 23;11 20;35021174;A;1016;26.97;15.98;10.06;31.91;4.14;4.07;0.57;1.85;1.34;1.69;
08 04 23;11 27;35021174;A;1016;26.28;14.97;9.52;31.54;4.20;3.80;0.53;1.91;1.40;1.76;
08 04 23;11 35;35021239;A;1008;23.82;13.13;8.26;43.97;4.04;3.34;0.66;1.95;1.45;1.82;
08 04 23;11 42;35021239;A;1008;23.53;12.83;8.08;43.70;3.99;3.34;0.63;1.96;1.46;1.83;
08 04 23;11 49;35021232;B;1008;26.59;13.27;7.79;34.54;4.22;3.52;0.71;2.05;1.58;2.00;
08 04 23;11 56;35021232;B;1008;28.21;15.08;8.93;35.75;4.42;3.84;0.81;1.96;1.49;1.87;
11 04 23;10 15;35021263;C;1016;26.30;15.32;9.64;32.04;3.80;3.89;0.52;1.87;1.37;1.72;
11 04 23;10 46;35021263;C;1016;29.91;18.99;11.79;27.23;4.29;4.65;0.63;1.76;1.27;1.58;
11 04 23;10 53;35021257;A;1011;30.00;20.35;12.47;21.00;4.53;6.15;0.56;1.60;1.13;1.47;
11 04 23;11 16;35021257;A;1011;30.76;20.70;13.69;21.22;4.46;5.80;0.47;1.68;1.16;1.49;
12 04 23;08 37;35021273;C;1022;29.81;18.86;11.71;27.13;4.27;4.65;0.65;1.77;1.27;1.58;
12 04 23;08 45;35021273;C;1022;26.28;15.22;9.69;32.02;3.79;3.87;0.51;1.88;1.38;1.73;
12 04 23;10 38;35021278;B;1022;29.37;18.99;12.80;20.57;4.26;5.59;0.40;1.72;1.20;1.55;
12 04 23;10 46;35021278;B;1022;28.48;18.86;11.86;20.28;4.32;5.93;0.51;1.63;1.15;1.51;
13 04 23;04 26;35021305;B;1022;2.62;1.06;2.70;3.71;0.43;1.20;0.01;2.36;1.16;2.47;
13 04 23;04 56;35021305;B;1022;2.60;1.10;2.77;3.78;0.45;1.24;0.01;2.30;1.11;2.37;
13 04 23;10 04;35021305;B;1022;23.85;15.28;12.10;20.90;3.63;3.72;0.42;1.89;1.26;1.56;
13 04 23;10 12;35021305;B;1022;23.74;15.09;12.28;20.99;3.87;3.97;0.40;1.89;1.25;1.57;
13 04 23;15 14;35021305;B;1022;28.38;19.46;11.33;21.20;3.76;3.86;0.36;1.70;1.22;1.46;
13 04 23;15 22;35021305;B;1022;28.54;19.97;12.02;21.64;3.97;4.17;0.42;1.68;1.18;1.43;
13 04 23;15 36;35021286;C;1022;27.52;18.62;11.72;30.88;3.95;4.62;0.63;1.69;1.18;1.48;
13 04 23;15 44;35021286;C;1022;27.06;18.05;12.46;32.13;3.93;4.43;0.57;1.76;1.20;1.50;
14 04 23;01 05;35021320;C;1022;28.11;18.47;10.79;29.42;4.11;4.93;0.55;1.66;1.20;1.52;
14 04 23;01 13;35021320;C;1022;26.66;17.16;10.49;29.91;4.16;4.87;0.54;1.69;1.21;1.55;
14 04 23;16 55;35021334;A;1022;29.11;17.99;12.13;26.47;4.13;4.87;0.59;1.80;1.27;1.62;
14 04 23;17 11;35021334;A;1022;32.03;19.98;13.62;21.96;4.31;4.86;0.60;1.84;1.29;1.60;
17 04 23;11 35;35021348;;1022;29.10;18.92;11.57;29.19;4.14;4.56;0.56;1.73;1.24;1.54;
17 04 23;11 51;35021348;;1022;30.48;19.34;12.01;25.09;4.13;4.48;0.51;1.78;1.28;1.58;
17 04 23;12 10;35021343;C;1022;28.47;20.89;12.04;25.79;4.49;5.07;0.57;1.56;1.10;1.36;
17 04 23;12 17;35021343;C;1022;28.89;20.74;12.50;25.58;4.33;4.76;0.57;1.62;1.13;1.39;
18 04 23;11 53;35021368;A;1030;31.69;22.39;12.02;17.85;4.78;6.06;0.48;1.54;1.11;1.42;
18 04 23;12 10;35021368;A;1030;32.50;22.31;12.87;16.03;4.78;5.99;0.40;1.60;1.15;1.46;
19 04 23;11 12;35021393;C;1022;27.46;20.75;10.25;27.71;4.84;6.15;0.47;1.40;1.02;1.32;
19 04 23;11 28;35021393;C;1022;29.50;21.48;11.56;23.35;4.91;5.84;0.44;1.50;1.08;1.37;
19 04 23;12 00;35021386;A;1022;30.30;21.78;12.28;20.39;4.49;6.87;0.38;1.49;1.06;1.39;
19 04 23;12 07;35021386;A;1022;31.19;22.35;12.61;19.29;4.40;6.92;0.35;1.50;1.07;1.40;
20 04 23;15 48;35021421;B;1022;28.45;22.75;11.98;23.04;4.19;5.77;0.46;1.42;1.00;1.25;
20 04 23;16 14;35021421;B;1022;28.76;23.26;12.81;21.62;4.45;5.77;0.42;1.43;0.99;1.24;
21 04 23;11 51;35021438;C;1022;29.83;20.17;11.03;24.21;4.48;5.98;0.62;1.56;1.14;1.48;
21 04 23;11 58;35021438;C;1022;30.39;19.45;11.78;23.71;4.30;5.30;0.56;1.70;1.23;1.56;
21 04 23;16 38;35021446;B;1022;26.46;20.47;10.83;29.14;4.22;5.64;0.60;1.43;1.01;1.29;
21 04 23;16 54;35021446;B;1022;26.74;20.38;10.98;30.11;4.16;5.46;0.61;1.46;1.03;1.31;
24 04 23;17 07;35021482;C;1029;29.25;19.34;11.19;26.86;4.29;5.31;0.59;1.64;1.19;1.51;
24 04 23;17 23;35021482;C;1029;29.86;19.28;11.65;25.95;4.23;5.13;0.56;1.70;1.22;1.55;
25 04 23;10 50;35021491;C;1022;28.65;19.45;10.91;27.26;4.43;5.27;0.61;1.60;1.16;1.47;
25 04 23;11 06;35021491;C;1022;31.76;19.61;13.29;22.36;4.14;4.32;0.57;1.88;1.33;1.62;
25 04 23;17 11;35021470;A;1022;29.18;18.06;10.11;29.90;4.59;4.92;0.56;1.71;1.27;1.62;
26 04 23;07 02;35021470;A;1022;32.41;19.24;11.76;24.13;4.68;4.70;0.56;1.84;1.35;1.68;
26 04 23;15 05;35021511;C;1022;29.47;18.71;11.13;26.13;4.11;5.21;0.61;1.70;1.23;1.57;
26 04 23;15 21;35021511;C;1022;29.55;18.98;11.49;26.73;4.10;5.17;0.56;1.70;1.22;1.56;
27 04 23;15 50;35021523;A;1022;28.62;17.79;11.85;29.71;4.48;4.67;0.59;1.80;1.27;1.61;
27 04 23;16 06;35021523;A;1022;29.40;17.94;11.50;27.67;4.42;4.90;0.57;1.79;1.29;1.64;
28 04 23;16 04;35021498;B;1022;28.04;19.45;10.76;21.94;3.80;5.29;0.45;1.57;1.13;1.44;
28 04 23;16 13;35021498;B;1022;29.18;19.69;11.96;21.80;3.78;4.81;0.43;1.68;1.19;1.48;
28 04 23;16 22;35021501;A;1022;27.56;17.80;10.82;31.24;3.80;4.76;0.51;1.70;1.22;1.55;
28 04 23;16 30;35021501;A;1022;28.43;18.00;11.33;25.37;3.63;4.62;0.46;1.76;1.26;1.58;
28 04 23;16 38;35021531;C;1022;29.23;18.26;10.00;25.64;4.21;5.26;0.58;1.67;1.24;1.60;
28 04 23;16 54;35021531;C;1022;29.42;18.16;10.04;24.63;4.17;5.18;0.56;1.69;1.26;1.62;
28 04 23;17 13;35021517;B;1022;30.38;19.87;11.58;22.84;4.50;5.75;0.72;1.64;1.19;1.53;
28 04 23;22 04;35021517;B;1022;31.84;19.26;13.04;21.95;4.09;4.97;0.59;1.85;1.31;1.65;
28 04 23;22 13;35021476;A;1029;24.53;18.13;10.17;36.31;3.56;5.03;0.51;1.50;1.06;1.35;
28 04 23;22 25;3500216;A;1029;27.80;19.90;12.38;26.57;3.72;4.83;0.49;1.62;1.12;1.40;
03 05 23;16 24;35021573;A;1524;30.66;17.73;10.98;28.73;4.45;4.75;0.64;1.85;1.36;1.73;
03 05 23;16 31;35021573;A;1524;31.74;18.11;11.82;25.57;4.26;4.54;0.60;1.92;1.40;1.75;
03 05 23;16 38;35021555;C;1524;29.80;17.27;9.68;29.39;4.46;5.05;0.55;1.77;1.34;1.73;
03 05 23;16 57;35021555;C;1524;32.24;18.31;10.78;25.46;4.42;4.82;0.53;1.86;1.39;1.76;
04 05 23;09 16;35021593;;1022;31.09;18.23;10.68;26.10;4.75;4.72;0.62;1.82;1.35;1.71;
04 05 23;09 33;35021593;;1022;32.30;19.78;11.62;21.65;5.01;4.79;0.58;1.79;1.31;1.63;
04 05 23;11 13;35021582;C;1030;27.62;17.06;10.49;31.32;4.45;4.99;0.55;1.73;1.25;1.62;
04 05 23;11 20;35021582;C;1030;28.19;16.76;10.85;30.07;4.50;4.80;0.51;1.81;1.31;1.68;
04 05 23;17 03;35021598;;1022;27.19;18.39;10.15;24.49;3.67;4.68;0.41;1.62;1.18;1.48;
04 05 23;17 10;35021598;;1022;26.92;18.17;10.24;24.41;3.63;4.69;0.41;1.63;1.18;1.48;
05 05 23;10 02;35021602;C;1022;30.98;18.47;11.03;26.75;4.52;4.64;0.60;1.82;1.34;1.68;
05 05 23;10 18;35021602;C;1022;31.89;18.54;11.61;24.96;4.48;4.48;0.57;1.89;1.39;1.72;
08 05 23;16 21;35021615;C;1022;28.88;20.23;10.92;26.02;4.24;4.64;0.56;1.60;1.16;1.43;
08 05 23;16 38;35021615;C;1022;32.03;20.80;13.22;20.87;4.30;4.02;0.50;1.82;1.29;1.54;
08 05 23;16 45;35021641;C;1524;26.52;16.59;10.21;34.57;4.47;5.01;0.56;1.70;1.23;1.60;
08 05 23;16 52;35021641;C;1524;33.97;19.29;13.44;19.75;4.34;4.60;0.53;1.98;1.42;1.76;
10 05 23;09 36;35021672;A;1011;30.96;19.64;11.24;21.96;4.25;4.85;0.67;1.72;1.26;1.58;
10 05 23;09 53;35021672;A;1011;31.79;19.29;13.06;21.10;4.10;4.28;0.57;1.90;1.35;1.65;
10 05 23;10 00;35021678;C;1011;28.13;17.26;9.58;31.61;5.14;4.82;0.74;1.71;1.27;1.63;
10 05 23;10 08;35021678;C;1011;29.15;17.36;10.14;30.14;4.95;4.63;0.71;1.79;1.33;1.68;
10 05 23;12 25;35021658;C;1523;31.28;19.08;10.25;26.82;4.58;4.80;0.79;1.74;1.31;1.64;
10 05 23;12 32;35021658;C;1523;32.30;18.89;10.57;22.48;4.38;4.62;0.69;1.82;1.37;1.71;
11 05 23;13 27;35021703;C;1008;33.05;14.71;9.22;27.19;4.67;3.63;0.88;2.30;1.80;2.25;
11 05 23;13 34;35021703;C;1008;34.33;14.76;11.71;29.66;4.68;3.21;0.92;2.56;1.91;2.32;
11 05 23;13 41;35021697;;1008;25.68;15.18;9.05;39.20;3.62;4.16;0.68;1.80;1.33;1.69;
11 05 23;13 49;35021697;;1008;25.39;14.88;10.56;42.45;3.72;3.86;0.68;1.92;1.35;1.71;
12 05 23;16 08;35021714;C;1523;26.57;14.58;10.36;37.60;4.39;3.76;0.58;2.01;1.45;1.82;
12 05 23;16 25;35021714;C;1523;31.11;17.34;11.38;29.85;4.21;3.78;0.56;2.01;1.47;1.79;
15 05 23;11 55;35021708;A;1008;32.75;15.74;10.22;31.42;4.40;3.90;1.03;2.19;1.67;2.08;
15 05 23;12 02;35021708;A;1008;33.37;14.89;10.66;29.75;4.08;3.45;0.94;2.40;1.82;2.24;
17 05 23;10 20;35021741;A;1011;30.37;16.75;10.44;28.63;4.14;4.58;0.68;1.91;1.42;1.81;
17 05 23;10 27;35021741;A;1011;29.71;16.08;10.09;28.17;4.05;4.45;0.66;1.94;1.45;1.85;
17 05 23;10 34;35021751;C;1008;30.18;13.26;8.88;39.14;3.42;3.06;0.79;2.39;1.85;2.28;
17 05 23;10 41;35021751;C;1008;29.98;13.10;8.71;39.01;3.38;3.05;0.77;2.39;1.86;2.29;
17 05 23;10 49;35021748;A;1008;29.52;14.12;9.84;38.76;3.32;2.86;0.64;2.32;1.74;2.09;
17 05 23;10 56;35021748;A;1008;29.22;13.78;9.52;38.27;3.27;2.82;0.64;2.33;1.76;2.12;
23 05 23;16 30;35021814;;1523;30.64;20.84;10.87;22.02;4.69;5.44;0.62;1.58;1.17;1.47;
23 05 23;16 46;35021814;;1523;30.94;20.36;11.88;22.07;4.46;4.96;0.56;1.69;1.22;1.52;
23 05 23;16 54;35021820;A;1523;31.70;22.04;12.26;19.51;4.40;5.41;0.60;1.60;1.15;1.44;
23 05 23;17 01;35021820;A;1523;31.58;20.88;12.16;20.67;4.15;4.85;0.55;1.70;1.23;1.51;
23 05 23;17 08;35021844;A;1011;24.26;15.73;9.48;38.30;4.40;4.77;0.65;1.65;1.18;1.54;
23 05 23;17 15;35021844;A;1011;25.41;16.15;10.31;37.56;4.16;4.32;0.62;1.75;1.24;1.57;
23 05 23;17 23;35021850;C;1022;30.36;20.05;10.09;23.31;4.61;5.87;0.59;1.56;1.17;1.51;
23 05 23;17 30;35021850;C;1022;33.33;21.55;12.61;16.79;4.70;5.40;0.49;1.70;1.24;1.55;
25 05 23;11 49;35021913;A;1022;28.23;22.39;11.09;24.01;4.24;5.47;0.64;1.41;1.01;1.26;
25 05 23;12 06;35021913;A;1022;30.04;19.82;13.37;22.21;4.23;4.63;0.70;1.78;1.23;1.52;
25 05 23;12 13;35021886;A;1022;27.79;20.97;11.56;25.58;3.80;5.48;0.46;1.49;1.05;1.33;
25 05 23;13 39;35021886;A;1022;28.81;21.99;12.27;22.35;3.92;5.46;0.48;1.50;1.05;1.31;
25 05 23;13 46;35021875;C;1029;28.96;17.47;10.23;30.29;4.58;4.82;0.66;1.76;1.30;1.66;
25 05 23;13 53;35021875;C;1029;30.63;17.85;10.41;27.90;4.45;4.76;0.60;1.82;1.36;1.72;
25 05 23;14 00;35021806;C;1523;30.80;19.69;11.10;22.81;4.46;5.26;0.59;1.68;1.23;1.56;
25 05 23;16 04;35021871;;1022;29.08;17.00;10.76;25.61;4.28;4.10;0.51;1.89;1.38;1.71;
25 05 23;16 12;35021871;;1022;31.05;19.22;12.29;26.64;4.65;4.29;0.60;1.84;1.32;1.61;
29 05 23;14 34;35021936;C;1022;28.16;20.62;10.06;25.48;4.30;5.31;0.53;1.47;1.09;1.37;
29 05 23;14 51;35021936;C;1022;29.31;20.41;11.51;23.53;4.24;4.84;0.51;1.62;1.16;1.44;
29 05 23;15 19;35021970;C;1011;25.32;17.92;9.19;35.11;3.88;4.94;0.51;1.51;1.11;1.41;
29 05 23;15 42;35021970;C;1011;31.33;20.10;11.49;22.72;3.92;4.51;0.47;1.74;1.27;1.56;
31 05 23;12 01;35022005;A;1022;29.73;20.71;11.11;22.73;4.41;5.55;0.51;1.56;1.13;1.44;
31 05 23;12 09;35022005;A;1022;29.19;19.84;11.95;23.92;4.15;4.76;0.44;1.67;1.19;1.47;
31 05 23;12 16;35022009;C;1022;29.35;20.02;10.43;24.67;4.47;5.50;0.51;1.56;1.15;1.47;
31 05 23;12 23;35022009;C;1022;30.20;19.70;11.05;24.00;4.41;5.18;0.48;1.66;1.21;1.53;
01 06 23;09 44;35022025;A;1022;28.09;21.93;11.10;24.69;4.40;5.81;0.50;1.41;1.01;1.28;
01 06 23;10 00;35022025;A;1022;27.56;21.42;10.81;25.93;4.30;5.70;0.44;1.41;1.02;1.29;
01 06 23;10 21;35022033;C;1022;31.05;19.32;11.06;22.85;4.54;4.81;0.57;1.75;1.29;1.61;
01 06 23;10 28;35022033;C;1022;30.79;19.49;11.60;23.53;4.54;4.66;0.60;1.76;1.28;1.58;
02 06 23;13 06;35022049;C;1523;29.20;18.00;10.05;27.43;4.72;5.26;0.59;1.69;1.26;1.62;
02 06 23;13 23;35022049;C;1523;29.68;17.75;11.69;26.37;4.45;4.64;0.50;1.85;1.33;1.67;
02 06 23;14 50;35022027;A;1022;28.85;20.22;11.63;23.76;4.19;5.15;0.48;1.60;1.14;1.43;
05 06 23;15 04;35022094;A;1011;23.87;14.81;9.13;42.03;4.14;4.24;0.60;1.73;1.25;1.61;
05 06 23;15 11;35022094;A;1011;26.17;15.12;9.89;35.53;3.95;4.01;0.50;1.89;1.37;1.73;
05 06 23;15 52;35022096;C;1011;24.65;14.36;8.27;41.85;4.39;4.08;0.59;1.79;1.34;1.72;
07 06 23;12 22;35022096;C;1011;27.17;16.39;9.42;36.74;4.51;4.39;0.59;1.76;1.31;1.66;
07 06 23;12 39;35022149;C;1523;30.04;19.35;12.07;24.29;4.41;4.87;0.62;1.74;1.24;1.55;
07 06 23;12 46;35022149;C;1523;30.50;19.27;12.43;22.46;4.45;4.71;0.60;1.79;1.27;1.58;
07 06 23;14 32;35022145;A;1523;28.47;17.79;11.90;26.64;4.41;5.24;0.52;1.75;1.24;1.60;
07 06 23;14 40;35022145;A;1523;29.07;18.46;12.16;26.32;4.37;5.33;0.53;1.73;1.22;1.57;
09 06 23;08 30;35022078;C;1016;28.45;17.57;10.46;29.15;4.85;4.68;0.55;1.75;1.28;1.62;
09 06 23;08 47;35022078;C;1016;29.27;18.12;11.09;27.95;4.80;4.64;0.54;1.77;1.29;1.61;
09 06 23;08 54;35022130;C;1523;28.02;17.92;14.10;25.92;4.79;4.20;0.63;1.90;1.27;1.56;
09 06 23;09 01;35022130;C;1523;27.71;17.69;15.17;27.27;4.78;3.73;0.63;2.00;1.29;1.57;
09 06 23;09 09;35022168;A;1011;27.20;18.02;10.41;29.76;4.44;5.15;0.60;1.62;1.17;1.51;
09 06 23;09 16;35022168;A;1011;27.06;18.28;10.33;29.79;4.45;5.29;0.62;1.59;1.15;1.48;
09 06 23;09 23;35022184;C;1016;27.03;18.74;11.12;32.15;4.27;4.75;0.56;1.62;1.15;1.44;
09 06 23;09 31;35022184;C;1016;28.51;19.15;11.28;28.36;4.16;4.77;0.56;1.66;1.19;1.49;
10 06 23;07 34;35022172;B;1011;32.44;20.79;11.45;24.10;3.87;5.55;0.45;1.67;1.23;1.56;
14 06 23;11 38;35022216;C;1008;24.46;12.96;7.97;45.83;3.74;4.02;0.64;1.91;1.44;1.89;
14 06 23;11 55;35022216;C;1008;26.86;13.13;7.92;42.35;3.67;3.90;0.62;2.04;1.58;2.05;
14 06 23;15 41;35022216;C;1008;24.38;12.91;7.86;45.71;4.01;4.00;0.66;1.91;1.44;1.89;
14 06 23;15 48;35022216;C;1008;26.89;13.17;7.95;42.36;3.91;3.86;0.60;2.05;1.58;2.04;
15 06 23;14 07;35022237;C;1008;20.43;14.50;6.52;47.26;4.84;4.84;0.88;1.39;1.06;1.41;
15 06 23;14 23;35022237;C;1008;34.52;14.94;10.05;29.75;3.79;3.47;0.88;2.42;1.87;2.31;
15 06 23;14 47;35022230;A;1008;26.31;13.35;6.34;41.78;4.06;3.85;0.84;1.90;1.53;1.97;
15 06 23;14 54;35022230;A;1008;31.37;15.19;9.40;33.80;4.64;3.55;0.84;2.18;1.67;2.07;
15 06 23;15 01;35022279;A;1022;28.49;18.15;8.06;31.26;4.22;5.57;0.65;1.54;1.20;1.57;
15 06 23;15 08;35022280;A;1022;29.65;16.49;9.05;30.02;4.29;4.69;0.63;1.83;1.40;1.80;
15 06 23;15 16;35022280;A;1022;33.66;19.80;10.56;19.94;4.81;5.10;0.62;1.78;1.35;1.70;
19 06 23;21 09;35022311;A;1029;23.56;19.36;8.32;37.02;4.35;5.03;0.54;1.31;0.97;1.22;
19 06 23;21 26;35022311;A;1029;27.50;19.24;10.28;28.11;4.49;4.75;0.51;1.58;1.15;1.43;
19 06 23;21 33;35022344;A;1022;30.65;21.28;11.23;22.54;5.06;5.03;0.54;1.59;1.16;1.44;
19 06 23;21 40;35022344;A;1022;27.76;19.65;9.64;29.58;4.59;5.48;0.61;1.49;1.10;1.41;
20 06 23;12 33;35022311;A;1029;23.58;19.37;8.30;36.93;4.33;5.03;0.54;1.31;0.97;1.22;
20 06 23;16 05;35022350;C;1022;29.35;18.70;9.97;26.50;4.94;5.79;0.61;1.61;1.20;1.57;
20 06 23;16 21;35022350;C;1022;31.15;18.21;11.05;24.81;4.70;5.26;0.57;1.80;1.33;1.71;
20 06 23;16 47;35022332;C;1011;28.57;16.39;9.78;31.83;4.64;5.24;0.68;1.77;1.32;1.74;
20 06 23;16 54;35022332;C;1011;31.02;16.39;11.11;26.50;4.31;4.76;0.53;1.99;1.47;1.89;
20 06 23;22 32;35022368;A;1022;26.93;16.22;9.71;32.26;4.09;4.69;0.49;1.75;1.29;1.66;
20 06 23;22 48;35022368;A;1022;23.47;18.08;8.24;37.51;4.36;6.01;0.54;1.32;0.97;1.30;
21 06 23;15 32;35022373;C;1022;30.15;19.15;10.66;24.98;5.10;5.26;0.58;1.67;1.24;1.57;
21 06 23;15 39;35022373;C;1022;30.20;18.59;11.34;25.90;4.84;4.92;0.55;1.77;1.28;1.62;
21 06 23;22 36;35022390;A;1022;31.35;20.08;12.76;20.01;5.19;4.60;0.48;1.79;1.27;1.56;
21 06 23;22 55;35022390;A;1022;27.76;18.61;11.12;29.38;4.81;4.89;0.57;1.65;1.18;1.49;
23 06 23;22 31;35022401;A;1022;28.10;16.37;11.03;31.94;4.94;3.96;0.55;1.92;1.38;1.72;
23 06 23;22 47;35022401;A;1022;27.85;15.79;8.60;34.96;4.39;4.33;0.67;1.81;1.38;1.76;
28 06 23;05 11;35022430;A;1011;25.08;12.92;7.40;44.15;4.67;3.56;0.58;1.97;1.52;1.94;
28 06 23;05 28;35022430;A;1011;28.23;13.47;9.34;38.85;4.83;3.51;0.59;2.21;1.66;2.10;
28 06 23;05 35;35022420;A;1022;28.62;18.34;9.28;29.18;4.50;5.03;0.67;1.62;1.22;1.56;
28 06 23;05 42;35022420;A;1022;30.01;17.01;10.42;28.30;4.51;4.18;0.56;1.91;1.42;1.76;
29 06 23;05 17;35022461;A;1022;26.16;15.17;8.17;37.00;4.31;4.32;0.54;1.76;1.34;1.72;
29 06 23;05 34;35022461;A;1022;26.91;15.81;8.89;33.71;4.55;4.46;0.54;1.77;1.33;1.70;
30 06 23;05 57;35022477;A;1022;24.77;15.31;7.35;40.15;4.67;5.33;0.66;1.56;1.20;1.62;
30 06 23;06 13;35022477;A;1022;28.87;15.09;9.31;33.43;4.73;4.51;0.60;1.95;1.47;1.91;
01 07 23;05 17;35022498;A;1022;29.46;17.49;8.72;30.54;4.78;5.34;0.66;1.67;1.29;1.68;
01 07 23;05 34;35022498;A;1022;30.36;18.66;9.90;25.55;4.81;4.74;0.61;1.72;1.30;1.63;
03 07 23;14 15;35022517;A;1022;27.17;17.05;8.30;34.78;4.46;5.21;0.65;1.59;1.22;1.59;
03 07 23;14 32;35022517;A;1022;28.13;17.19;10.40;30.47;4.89;4.62;0.57;1.77;1.29;1.64;
06 07 23;14 32;35022544;A;1022;22.97;13.64;6.26;44.21;4.38;4.70;0.51;1.59;1.25;1.68;
06 07 23;14 44;35022544;A;1022;32.84;15.51;10.01;25.82;4.81;4.36;0.59;2.16;1.65;2.12;
07 07 23;14 16;35022482;C;1022;27.26;16.77;8.49;35.00;4.37;4.47;0.63;1.68;1.28;1.63;
07 07 23;14 23;35022482;C;1022;28.34;17.07;10.46;30.71;4.89;4.01;0.57;1.84;1.34;1.66;
07 07 23;14 30;35022538;B;1022;22.55;12.19;6.31;43.51;4.12;3.98;0.52;1.78;1.39;1.85;
07 07 23;14 38;35022538;B;1022;32.88;15.39;10.26;25.94;4.69;3.79;0.58;2.25;1.71;2.14;
07 07 23;14 45;35022549;C;1022;28.74;18.20;9.54;29.24;4.38;4.34;0.67;1.70;1.27;1.58;
07 07 23;14 52;35022549;C;1022;29.71;16.66;10.45;28.17;4.35;3.59;0.56;1.98;1.47;1.78;
07 07 23;17 43;35022440;B;1016;30.25;22.82;10.79;23.09;4.01;3.99;0.44;1.53;1.13;1.33;
07 07 23;18 00;35022440;B;1016;29.24;20.52;11.42;24.93;4.15;3.71;0.50;1.68;1.21;1.43;
07 07 23;18 07;35022436;C;1016;30.56;17.81;9.26;28.49;4.66;4.22;0.66;1.81;1.39;1.72;
07 07 23;18 14;35022436;C;1016;34.25;18.05;11.13;21.61;4.51;3.86;0.63;2.07;1.56;1.90;
07 07 23;18 22;35022425;C;1022;31.94;17.49;11.26;24.71;5.05;3.84;0.64;2.02;1.50;1.83;
07 07 23;18 29;35022425;C;1022;28.95;16.44;8.75;31.35;4.42;4.55;0.62;1.80;1.38;1.76;
07 07 23;18 36;35022451;B;1022;30.61;17.45;10.31;29.61;5.56;3.85;0.59;1.92;1.44;1.75;
07 07 23;18 43;35022452;B;1022;30.31;17.99;11.00;26.97;5.05;4.04;0.58;1.88;1.38;1.68;
12 07 23;21 41;35022592;A;1016;25.50;13.86;7.90;40.93;3.71;5.68;0.67;1.71;1.31;1.84;
12 07 23;21 58;35022592;A;1016;32.49;16.84;12.39;25.72;4.32;4.98;0.66;2.06;1.49;1.93;
12 07 23;22 05;35022602;A;1016;29.76;15.98;11.04;33.70;3.91;7.41;0.71;1.74;1.27;1.86;
12 07 23;22 13;35022602;A;1016;30.99;17.32;13.88;23.70;4.56;7.08;0.58;1.84;1.27;1.79;
12 07 23;22 20;35022618;A;1011;25.05;16.87;9.72;39.53;3.50;5.35;0.60;1.56;1.13;1.49;
12 07 23;22 27;35022618;A;1011;26.77;18.09;12.66;32.88;4.06;4.64;0.59;1.73;1.18;1.48;
13 07 23;21 34;35022629;A;1523;23.25;16.36;11.48;39.28;4.21;5.01;0.58;1.63;1.09;1.42;
13 07 23;21 50;35022629;A;1523;31.17;18.56;15.70;21.90;4.29;4.13;0.53;2.07;1.37;1.68;
14 07 23;22 25;35022648;A;1523;25.46;17.02;9.38;35.36;4.25;6.13;0.62;1.50;1.10;1.50;
14 07 23;22 41;35022648;A;1523;31.94;19.48;12.60;22.35;4.92;5.21;0.57;1.80;1.29;1.64;
17 07 23;06 03;35022673;A;1011;26.41;15.74;9.29;37.61;4.43;5.45;0.72;1.68;1.25;1.68;
17 07 23;06 19;35022673;A;1011;28.22;17.39;12.32;30.81;5.43;4.63;0.68;1.84;1.28;1.62;
20 07 23;05 49;35022738;C;1523;28.06;17.02;9.11;32.54;3.88;4.55;0.64;1.72;1.30;1.65;
20 07 23;06 06;35022738;C;1523;28.86;17.63;10.79;28.69;4.27;4.25;0.63;1.81;1.32;1.64;
20 07 23;09 44;35022704;X;1022;29.86;18.55;11.58;25.21;4.55;4.01;0.57;1.84;1.32;1.61;
20 07 23;10 02;35022704;X;1022;30.11;19.42;11.46;25.16;4.54;4.19;0.62;1.76;1.28;1.55;
20 07 23;15 02;35022706;X;1022;26.35;17.82;11.29;31.66;5.09;3.70;0.64;1.75;1.22;1.48;
20 07 23;15 19;35022706;X;1022;30.31;18.76;11.76;27.47;4.80;3.73;0.66;1.87;1.35;1.62;
20 07 23;16 21;35022730;B;1523;29.56;19.50;11.28;24.83;5.00;4.36;0.52;1.71;1.24;1.52;
20 07 23;16 28;35022730;B;1523;28.95;19.56;10.46;25.09;5.17;4.73;0.59;1.62;1.19;1.48;
20 07 23;16 35;35022733;B;1523;28.72;19.00;10.92;24.71;5.25;4.48;0.58;1.69;1.22;1.51;
20 07 23;16 43;35022733;B;1523;29.82;20.20;11.62;24.17;5.33;4.55;0.57;1.67;1.20;1.48;
21 07 23;06 06;35022759;A;1011;25.21;18.08;9.04;33.55;4.52;4.91;0.64;1.49;1.10;1.39;
21 07 23;06 22;35022759;A;1011;28.86;19.21;10.57;24.11;4.77;4.70;0.56;1.65;1.21;1.50;
21 07 23;12 34;35022624;C;1011;22.24;15.40;7.60;38.11;3.90;4.43;0.53;1.50;1.12;1.44;
21 07 23;12 41;35022624;C;1011;26.65;14.25;8.85;29.58;3.94;3.65;0.46;1.98;1.49;1.87;
21 07 23;12 48;35022635;C;1523;23.94;17.97;7.74;35.04;3.59;4.78;0.51;1.39;1.05;1.33;
21 07 23;12 56;35022635;C;1523;29.06;18.29;9.72;23.92;4.18;4.58;0.49;1.70;1.27;1.59;
22 07 23;06 12;35022785;A;1011;29.29;20.02;12.11;23.12;4.21;4.55;0.51;1.69;1.19;1.46;
22 07 23;11 36;35022771;C;1022;23.57;17.28;8.22;37.89;3.83;4.69;0.52;1.45;1.07;1.36;
22 07 23;11 44;35022771;C;1022;27.04;19.37;10.21;29.57;4.08;4.54;0.48;1.56;1.13;1.40;
22 07 23;11 51;35022727;C;1523;29.04;16.97;8.66;33.69;3.71;4.48;0.54;1.76;1.35;1.71;
22 07 23;11 58;35022727;C;1523;31.05;19.66;11.52;22.25;4.78;4.33;0.45;1.77;1.29;1.58;
25 07 23;17 13;35022825;C;1022;28.40;18.22;9.67;25.61;4.62;4.54;0.55;1.67;1.25;1.56;
25 07 23;17 20;35022825;C;1022;28.75;17.33;10.00;23.58;4.66;4.36;0.49;1.79;1.33;1.66;
25 07 23;19 52;35022749;B;1011;29.89;19.40;11.10;24.81;4.58;4.41;0.55;1.72;1.26;1.54;
25 07 23;20 09;35022749;B;1011;30.15;18.97;11.69;23.88;4.50;4.17;0.51;1.81;1.30;1.59;
04 08 23;13 14;35022813;C;1016;30.59;16.49;9.65;25.11;5.15;4.35;0.67;1.93;1.47;1.85;
04 08 23;13 31;35022813;C;1016;32.75;16.69;10.81;22.57;4.96;4.14;0.60;2.09;1.57;1.96;
04 08 23;13 38;35022850;C;1022;26.51;17.67;9.16;29.41;4.39;3.95;0.57;1.65;1.23;1.50;
04 08 23;13 45;35022850;C;1022;29.12;18.67;10.99;23.95;4.52;3.77;0.52;1.79;1.30;1.56;
04 08 23;13 53;35022808;C;1016;27.84;15.66;10.26;28.25;4.79;3.74;0.57;1.96;1.43;1.78;
04 08 23;14 00;35022808;C;1016;31.61;17.31;11.65;23.74;4.80;3.71;0.55;2.06;1.50;1.83;
04 08 23;14 07;35022864;B;1016;28.27;18.34;11.17;25.24;4.26;3.84;0.54;1.78;1.27;1.54;
04 08 23;14 14;35022864;B;1016;28.79;17.88;11.86;27.17;4.26;3.91;0.55;1.87;1.32;1.61;
04 08 23;17 58;35022678;C;1016;30.24;18.56;11.87;25.66;4.14;4.00;0.56;1.87;1.34;1.63;
04 08 23;18 14;35022678;C;1016;26.23;19.73;8.66;31.61;4.33;5.24;0.64;1.40;1.05;1.33;
04 08 23;18 23;35022727;C;1523;28.76;17.02;8.70;33.78;3.68;4.62;0.57;1.73;1.33;1.69;
04 08 23;18 31;35022771;C;1022;23.92;17.47;8.57;38.31;3.91;4.83;0.56;1.46;1.07;1.37;
04 08 23;18 38;35022771;C;1022;26.81;18.79;10.62;30.68;4.10;4.55;0.51;1.60;1.15;1.43;
22 08 23;18 31;35002997;A;1523;31.09;19.82;10.84;18.75;4.75;5.88;0.57;1.63;1.21;1.57;
22 08 23;18 38;35002997;A;1523;32.30;19.97;11.80;17.50;4.73;6.11;0.55;1.69;1.24;1.62;
22 08 23;18 46;35003035;A;1040;30.65;18.05;11.56;23.65;4.23;5.31;0.60;1.81;1.31;1.70;
22 08 23;18 53;35003035;A;1040;32.42;18.77;11.76;22.90;4.00;5.35;0.59;1.83;1.34;1.73;
24 08 23;12 13;35023046;A;1523;31.32;20.59;10.88;18.89;4.71;6.00;0.54;1.59;1.18;1.52;
25 08 23;17 12;35023046;A;1523;32.17;18.68;11.71;22.72;3.92;5.28;0.60;1.83;1.34;1.72;
25 08 23;18 11;35003072;A;1022;29.36;18.00;11.09;23.34;4.64;5.77;0.63;1.70;1.23;1.63;
25 08 23;18 18;35003072;A;1022;29.01;17.77;11.43;23.54;4.58;5.80;0.62;1.72;1.23;1.63;
29 08 23;03 09;35003135;A;1523;30.92;18.69;11.28;18.43;4.54;5.49;0.56;1.74;1.28;1.65;
29 08 23;03 25;35003135;A;1523;32.02;18.96;11.85;17.67;4.51;5.61;0.54;1.79;1.30;1.69;
31 08 23;04 49;35003166;A;1022;28.48;16.06;10.57;26.45;4.41;4.84;0.64;1.87;1.36;1.77;
31 08 23;05 05;35003166;A;1022;28.41;15.80;11.03;27.65;4.19;4.43;0.59;1.95;1.40;1.80;
05 09 23;10 10;35003181;A;1022;26.48;14.74;9.97;29.24;4.45;4.45;0.61;1.90;1.38;1.80;
05 09 23;10 27;35003181;A;1022;26.17;14.69;10.87;29.71;4.42;4.58;0.58;1.92;1.36;1.78;
05 09 23;10 38;35003197;A;1022;29.67;17.07;12.14;25.84;4.30;5.32;0.67;1.87;1.33;1.74;
05 09 23;10 46;35003197;A;1022;29.80;16.64;12.59;25.11;4.23;5.20;0.65;1.94;1.36;1.79;
11 09 23;20 04;35023285;A;1523;31.87;20.06;10.31;17.55;5.43;7.45;0.60;1.53;1.16;1.59;
11 09 23;20 21;35023285;A;1523;32.54;19.44;11.54;16.78;5.10;7.63;0.51;1.63;1.20;1.67;
11 09 23;20 28;35023324;A;1008;31.17;15.87;9.99;27.85;4.72;5.00;0.88;1.97;1.49;1.96;
11 09 23;20 35;35023324;A;1008;32.67;15.17;10.47;27.08;4.25;4.55;0.80;2.19;1.66;2.15;
12 09 23;19 37;35023347;A;1011;26.34;13.15;9.08;36.98;3.89;3.67;0.70;2.11;1.57;2.00;
12 09 23;19 54;35023347;A;1011;30.16;14.43;9.34;30.57;3.97;4.14;0.72;2.13;1.62;2.09;
12 09 23;20 01;3503153;C;1022;29.95;17.49;11.30;24.49;4.52;6.24;0.73;1.74;1.26;1.71;
12 09 23;20 08;35023153;C;1022;30.58;17.34;12.07;23.21;4.42;6.10;0.70;1.82;1.30;1.76;
13 09 23;19 24;35023338;C;1008;29.88;12.20;8.96;36.45;4.44;3.14;0.82;2.53;1.95;2.45;
13 09 23;19 41;35023338;C;1008;32.11;11.82;10.29;33.89;4.00;2.73;0.80;2.92;2.21;2.72;
13 09 23;19 48;35023370;A;1040;30.43;19.07;11.00;20.78;4.62;6.43;0.67;1.62;1.19;1.60;
13 09 23;19 55;35023370;A;1040;31.35;19.15;11.78;19.67;4.55;6.49;0.64;1.68;1.22;1.64;
14 09 23;20 04;35023361;C;1011;24.64;17.80;10.15;32.25;4.31;4.73;0.58;1.54;1.09;1.38;
14 09 23;20 20;35023361;C;1011;29.15;19.38;11.24;24.99;4.31;5.07;0.62;1.65;1.19;1.50;
14 09 23;20 27;35023374;A;1523;28.96;18.82;11.80;20.47;4.46;6.36;0.64;1.62;1.15;1.54;
14 09 23;20 35;35023374;A;1523;29.79;19.59;12.66;18.93;4.52;6.68;0.67;1.62;1.13;1.52;
19 09 23;02 32;35023111;C;1011;27.95;16.34;10.01;28.77;4.67;5.92;0.68;1.71;1.26;1.71;
19 09 23;02 48;35023111;C;1011;29.59;16.48;9.61;26.85;4.49;5.89;0.65;1.75;1.32;1.80;
19 09 23;03 06;35023378;C;1523;26.32;16.35;11.55;26.73;4.43;6.01;0.66;1.69;1.18;1.61;
19 09 23;03 13;35023378;C;1523;29.41;17.28;12.16;25.59;4.19;6.18;0.68;1.77;1.25;1.70;
19 09 23;03 23;35023393;A;1523;28.10;17.87;11.07;25.39;4.48;5.68;0.69;1.66;1.19;1.57;
19 09 23;03 33;35023393;A;1523;30.43;18.23;12.10;22.98;4.37;5.78;0.64;1.77;1.27;1.67;
23 09 23;04 39;35023455;A;1022;25.48;14.49;10.03;34.30;4.08;5.32;0.67;1.79;1.29;1.76;
23 09 23;04 55;35023455;A;1022;31.19;17.31;11.18;21.49;4.21;6.06;0.61;1.81;1.33;1.80;
23 09 23;05 05;35023470;A;1022;32.83;17.84;9.74;21.70;4.97;6.07;0.68;1.78;1.37;1.84;
23 09 23;05 12;35023470;A;1022;37.29;18.89;10.81;14.68;5.02;6.65;0.63;1.88;1.46;1.97;
25 09 23;10 35;35023528;A;1022;30.58;17.02;10.00;24.93;4.64;5.98;0.71;1.76;1.33;1.80;
25 09 23;10 52;35023528;A;1022;31.45;17.10;10.35;24.77;4.60;6.16;0.71;1.80;1.35;1.84;
27 09 23;12 43;35023560;A;1022;28.13;17.69;10.34;25.58;4.54;5.77;0.67;1.64;1.20;1.59;
27 09 23;13 00;35023560;A;1022;30.97;17.65;10.92;22.75;4.31;5.72;0.65;1.79;1.33;1.75;
27 09 23;13 08;35023584;A;1022;26.46;16.25;11.01;29.06;4.33;5.31;0.64;1.74;1.23;1.63;
27 09 23;13 16;35023584;A;1022;28.43;16.68;11.77;27.63;4.18;5.60;0.61;1.80;1.28;1.70;
02 10 23;17 51;35023625;A;1022;30.00;19.52;11.11;20.24;4.84;6.58;0.72;1.58;1.15;1.54;
02 10 23;18 08;35023625;A;1022;32.32;20.18;11.95;17.85;4.76;6.96;0.67;1.63;1.19;1.60;
02 10 23;18 15;35023660;A;1022;28.97;18.23;10.53;23.45;5.06;6.52;0.71;1.60;1.17;1.59;
02 10 23;18 23;35023660;A;1022;32.38;18.74;11.56;20.63;4.75;6.66;0.64;1.73;1.27;1.73;
20 10 23;13 37;35023810;A;1016;32.48;17.04;8.72;25.83;4.89;5.92;0.71;1.79;1.41;1.91;
20 10 23;13 44;35023810;A;1016;39.38;18.39;9.98;14.98;3.91;6.91;0.51;1.95;1.56;2.14;
20 10 23;13 52;35023740;C;1022;33.82;18.34;7.74;22.62;5.41;6.29;0.74;1.69;1.37;1.84;
20 10 23;13 59;35023740;C;1022;36.05;18.61;8.50;19.93;5.05;6.29;0.67;1.79;1.45;1.94;
20 10 23;14 06;35023826;A;1022;34.31;18.11;9.98;20.55;4.94;7.32;0.84;1.74;1.35;1.89;
20 10 23;14 13;35023826;A;1022;34.67;17.42;10.55;20.33;4.74;7.12;0.71;1.84;1.41;1.99;
25 10 23;11 53;35023761;C;1011;28.94;16.19;9.41;25.68;4.52;5.30;0.66;1.78;1.35;1.79;
25 10 23;12 09;35023761;C;1011;28.26;15.60;8.85;25.38;4.46;5.02;0.62;1.80;1.37;1.81;
25 10 23;13 14;35023687;C;1022;28.68;17.43;10.63;24.40;4.47;5.10;0.70;1.75;1.27;1.65;
25 10 23;13 27;35023687;C;1022;29.90;16.98;11.69;23.63;4.30;4.86;0.64;1.90;1.37;1.76;
25 10 23;13 39;35023462;A;1022;30.12;16.82;9.32;22.05;3.96;5.69;0.60;1.75;1.34;1.79;
25 10 23;14 07;35023462;A;1022;29.62;16.43;10.08;24.94;4.00;5.50;0.56;1.81;1.35;1.80;
25 10 23;16 38;35023787;C;1011;28.21;16.64;9.23;24.83;4.46;5.25;0.64;1.71;1.29;1.69;
25 10 23;17 04;35023787;C;1011;28.94;16.33;9.81;24.45;4.47;5.35;0.57;1.79;1.33;1.77;
25 10 23;19 07;35023477;C;1022;31.47;19.03;10.06;18.57;4.34;5.54;0.56;1.69;1.28;1.65;
25 10 23;19 44;35023477;C;1022;31.21;17.71;9.95;17.62;4.36;5.54;0.56;1.77;1.34;1.76;
26 10 23;16 47;35023830;C;1022;30.75;17.48;9.20;23.66;4.97;6.11;0.76;1.69;1.30;1.76;
26 10 23;17 03;35023830;C;1022;34.93;18.48;10.39;21.21;4.81;6.72;0.76;1.80;1.39;1.89;
26 10 23;17 18;35023868;A;1022;30.92;19.73;11.25;21.21;4.30;6.88;0.65;1.59;1.16;1.57;
26 10 23;17 26;35023868;A;1022;30.25;20.23;11.11;22.16;4.40;7.17;0.67;1.51;1.10;1.50;
26 10 23;18 49;35023885;A;1022;29.77;19.21;10.07;22.79;4.72;6.37;0.70;1.56;1.16;1.55;
26 10 23;18 58;35023885;A;1022;34.33;21.71;12.16;13.54;4.48;7.03;0.57;1.62;1.19;1.58;
26 10 23;19 06;35023913;A;1022;28.56;17.93;10.14;25.21;4.53;5.46;0.61;1.65;1.22;1.59;
26 10 23;19 14;35023913;A;1022;33.31;19.94;11.45;18.93;4.35;5.83;0.69;1.74;1.29;1.67;
27 10 23;19 33;35023937;A;1022;29.87;18.46;12.82;22.67;4.69;6.31;0.75;1.72;1.21;1.62;
27 10 23;19 50;35023937;A;1022;29.86;18.35;11.78;22.48;4.65;6.16;0.71;1.70;1.22;1.63;
30 10 23;05 54;35023875;C;1022;28.36;17.77;10.45;27.73;5.01;5.63;0.65;1.66;1.21;1.60;
30 10 23;06 11;35023875;C;1022;29.91;18.18;10.64;25.25;4.94;5.66;0.62;1.70;1.25;1.64;
30 10 23;06 19;35023963;A;1011;28.80;20.43;11.88;22.03;4.73;6.46;0.60;1.51;1.07;1.41;
30 10 23;06 26;35023963;A;1011;29.35;19.44;12.62;21.46;4.55;6.00;0.55;1.65;1.15;1.51;
31 10 23;05 23;35023978;A;1523;29.15;19.82;10.62;21.94;4.72;5.86;0.66;1.55;1.14;1.47;
31 10 23;05 39;35023978;A;1523;29.69;19.64;11.37;21.64;4.66;5.81;0.65;1.61;1.17;1.51;
01 11 23;01 17;35023898;C;1022;26.60;17.04;10.21;28.50;4.61;5.12;0.58;1.66;1.20;1.56;
01 11 23;01 34;35023898;C;1022;29.08;18.41;11.25;24.30;4.83;5.44;0.59;1.69;1.22;1.58;
01 11 23;01 41;35023998;A;1523;29.21;18.14;10.17;24.50;4.71;5.90;0.67;1.64;1.22;1.61;
01 11 23;01 48;35023998;A;1523;30.60;18.26;10.76;22.87;4.57;5.95;0.67;1.71;1.26;1.68;
23 11 23;05 42;35024261;A;1523;29.14;18.04;9.99;25.10;4.52;5.07;0.62;1.69;1.26;1.62;
23 11 23;05 58;35024261;A;1523;32.15;18.81;10.68;21.50;4.56;5.57;0.60;1.76;1.32;1.71;
23 11 23;06 05;35024310;A;1523;28.06;17.64;11.06;27.35;4.52;5.19;0.60;1.71;1.23;1.59;
23 11 23;06 13;35024310;A;1523;28.70;17.83;10.95;26.35;4.45;5.24;0.56;1.72;1.24;1.61;
30 11 23;10 33;35024373;A;1022;29.86;18.90;10.72;23.43;4.31;6.05;0.68;1.63;1.20;1.58;
30 11 23;10 49;35024373;A;1022;29.25;18.26;10.59;23.11;4.41;5.93;0.69;1.65;1.21;1.60;
30 11 23;10 56;35024381;A;1022;31.43;20.29;10.26;20.16;4.40;6.88;0.64;1.53;1.16;1.55;
30 11 23;11 04;35024381;A;1022;32.31;19.82;10.52;20.21;4.25;6.65;0.57;1.62;1.22;1.63;
06 12 23;17 06;35024299;A;1008;31.69;13.32;9.22;31.85;4.19;3.60;0.87;2.42;1.87;2.38;
06 12 23;17 23;35024299;A;1008;34.38;13.41;9.98;29.81;3.92;3.47;0.88;2.63;2.04;2.56;
06 12 23;17 30;35024436;A;1022;29.93;19.44;10.34;21.29;4.47;6.23;0.60;1.57;1.17;1.54;
06 12 23;17 37;35024436;A;1022;30.26;18.38;10.20;21.36;4.27;5.85;0.57;1.67;1.25;1.65;
18 12 23;10 19;35024337;A;1022;31.11;17.87;9.44;23.97;4.47;5.33;0.73;1.75;1.34;1.74;
18 12 23;10 35;35024337;A;1022;32.07;18.10;9.60;24.35;4.41;5.53;0.71;1.76;1.36;1.77;
18 12 23;10 42;35024504;A;1011;27.09;16.34;9.18;30.31;4.39;4.35;0.68;1.75;1.31;1.66;
18 12 23;10 50;35024504;A;1011;29.51;16.95;9.26;26.92;4.60;4.64;0.67;1.80;1.37;1.74;
18 12 23;10 57;35024549;A;1523;26.99;16.59;10.22;18.84;4.16;5.05;0.55;1.72;1.25;1.63;
18 12 23;11 04;35024549;A;1523;32.20;19.19;11.68;21.50;5.00;5.73;0.61;1.76;1.29;1.68;
22 12 23;09 09;35024642;A;1008;29.45;14.34;8.49;34.26;4.28;3.28;0.81;2.15;1.67;2.05;
22 12 23;09 26;35024642;A;1008;31.55;14.54;9.13;31.95;4.10;3.40;0.78;2.27;1.76;2.17;
04 01 24;04 40;35024819;C;1008;30.55;17.41;9.28;29.23;4.24;4.68;0.82;1.80;1.38;1.75;
04 01 24;04 47;35024819;C;1008;30.70;14.98;10.24;29.73;3.82;4.20;0.73;2.13;1.60;2.05;
04 01 24;10 05;35024819;C;1008;30.37;17.53;9.25;29.10;4.20;4.62;0.83;1.79;1.37;1.73;
04 01 24;10 22;35024819;C;1008;30.66;15.02;10.25;29.69;3.80;4.17;0.73;2.13;1.60;2.04;
05 01 24;06 02;35024529;C;1011;48.30;32.11;10.98;1.21;1.44;1.95;0.03;1.74;1.42;1.50;
09 01 24;09 38;35024778;A;1011;30.34;20.47;11.21;19.03;4.34;6.67;0.62;1.53;1.12;1.48;
09 01 24;09 54;35024778;A;1011;30.01;19.63;12.66;19.08;4.21;6.60;0.58;1.63;1.14;1.53;
09 01 24;10 01;35024831;A;1008;28.47;12.55;9.16;37.10;3.98;3.41;0.88;2.36;1.78;2.27;
09 01 24;10 16;35024870;A;1523;28.03;17.51;11.64;16.45;3.61;5.77;0.53;1.70;1.20;1.60;
09 01 24;10 23;35024870;A;1523;31.66;19.47;12.24;18.42;4.22;6.38;0.61;1.70;1.22;1.63;
17 01 24;18 05;35024993;B;1022;29.88;21.11;9.69;24.69;4.48;5.94;0.60;1.46;1.10;1.42;
17 01 24;18 29;35024993;B;1022;29.05;19.59;9.14;24.46;4.38;5.83;0.58;1.50;1.14;1.48;
17 01 24;19 05;35024920;A;1011;32.02;20.80;9.49;16.54;4.91;8.52;0.48;1.42;1.09;1.54;
17 01 24;19 12;35024920;A;1011;31.75;20.57;9.16;17.87;5.01;8.45;0.54;1.41;1.09;1.54;
17 01 24;19 23;35024967;A;1022;30.42;19.40;11.82;21.45;4.75;6.62;0.70;1.62;1.17;1.57;
17 01 24;19 35;35024967;A;1022;32.36;19.32;12.12;21.61;4.52;6.59;0.70;1.72;1.25;1.67;
17 01 24;19 43;35024979;A;1022;28.68;18.09;9.54;27.22;4.67;5.82;0.59;1.60;1.20;1.59;
17 01 24;19 51;35024979;A;1022;27.74;17.46;9.48;25.90;4.27;5.66;0.55;1.61;1.20;1.59;
08 02 24;14 34;35025098;C;1022;30.16;21.24;10.81;19.11;4.81;6.90;0.59;1.46;1.07;1.42;
08 02 24;14 51;35025098;C;1022;37.64;21.07;12.32;13.88;4.00;7.04;0.49;1.78;1.34;1.79;
27 03 24;15 35;35025568;C;1022;28.46;17.80;8.22;22.44;5.09;5.75;0.54;1.56;1.21;1.60;
27 03 24;15 42;35025633;C;3702;30.53;17.72;8.86;22.25;4.69;6.69;0.69;1.61;1.25;1.72;
27 03 24;15 49;35025633;C;3702;31.18;16.52;9.03;21.91;4.31;6.08;0.61;1.78;1.38;1.89;
28 03 24;13 48;35025568;C;1022;27.90;18.47;8.20;23.89;5.16;6.07;0.64;1.47;1.14;1.51;
09 04 24;20 28;35025760;C;3702;25.33;19.40;10.47;27.30;3.89;6.25;0.70;1.40;0.99;1.31;
09 04 24;20 45;35025760;C;3702;28.93;19.35;12.24;21.86;3.75;6.02;0.66;1.62;1.14;1.49;
09 04 24;20 52;35025780;B;3702;30.46;18.86;11.47;21.72;4.50;6.71;0.75;1.64;1.19;1.62;
09 04 24;21 04;35025780;B;3702;30.12;18.04;12.13;23.30;4.12;6.37;0.59;1.73;1.23;1.67;
09 04 24;21 12;35025784;A;3702;25.87;15.97;10.47;22.06;3.67;6.14;0.68;1.64;1.17;1.62;
09 04 24;21 20;35025784;A;3702;29.35;17.80;11.61;25.44;4.24;6.69;0.74;1.67;1.20;1.65;
18 04 24;12 41;35025848;C;3702;25.09;19.56;9.16;25.51;3.65;5.70;0.57;1.36;0.99;1.28;
18 04 24;12 58;35025848;C;3702;25.95;19.47;9.84;23.91;3.63;5.69;0.55;1.42;1.03;1.33;
18 04 24;13 06;35025792;C;3702;24.52;14.91;8.81;31.60;4.13;5.03;0.65;1.67;1.23;1.64;
18 04 24;13 14;35025792;C;3702;26.24;14.90;9.21;29.20;4.00;5.02;0.61;1.78;1.32;1.76;
09 05 24;01 40;35025872;B;1011;27.96;17.30;10.36;28.66;4.50;5.75;0.63;1.66;1.21;1.62;1RA
09 05 24;01 57;35025872;B;1011;31.52;18.93;10.74;21.99;4.51;6.07;0.59;1.69;1.26;1.66;2DA
09 05 24;02 04;35025867;A;1022;29.03;17.86;9.42;26.18;4.49;6.01;0.66;1.61;1.22;1.62;2DA
09 05 24;02 13;35025867;A;1022;28.98;18.19;9.64;26.28;4.70;6.45;0.70;1.57;1.18;1.59;1RA
09 05 24;02 22;35025880;A;1022;27.01;16.35;8.61;31.19;4.57;5.60;0.69;1.62;1.23;1.65;1RA
09 05 24;02 29;35025880;A;1022;28.31;16.70;9.27;29.92;4.09;5.02;0.64;1.73;1.30;1.70;2DA
22 05 24;10 55;35025977;A;1011C;28.78;17.35;10.14;21.35;4.34;5.79;0.59;1.68;1.24;1.66;1RA
22 05 24;11 18;35025977;A;1011C;28.82;17.31;10.19;21.44;4.30;5.74;0.61;1.69;1.25;1.66;1RA
22 05 24;11 26;35025977;;1011C;28.80;17.41;10.09;21.41;4.36;5.79;0.62;1.68;1.24;1.65;1RA
22 05 24;11 33;35025977;;1011C;30.38;16.31;10.58;20.14;3.88;5.45;0.58;1.88;1.40;1.86;2DA
23 05 24;08 21;35025995;A;1011C;29.47;19.25;10.05;22.28;3.93;6.03;0.66;1.56;1.17;1.53;1RA
23 05 24;08 37;35025995;A;1011C;29.95;18.71;10.38;22.37;3.77;5.60;0.62;1.66;1.23;1.60;2DA
11 06 24;09 34;35026145;;1028;28.55;15.98;7.04;32.71;4.56;5.27;0.71;1.67;1.34;1.79;1RA
11 06 24;09 41;35026145;;1028;30.69;17.38;11.69;26.93;4.91;5.16;0.76;1.88;1.36;1.77;2DA
11 06 24;09 48;35026133;;1015;33.81;13.06;9.10;31.02;4.44;3.98;1.03;2.52;1.98;2.59;1RA
11 06 24;09 56;35026133;;1015;35.14;12.31;11.16;29.13;3.85;3.68;0.94;2.90;2.20;2.86;2DA
11 06 24;14 40;35026123;B;1013C;25.58;13.57;7.06;38.80;3.81;4.17;0.62;1.84;1.44;1.88;1RA
11 06 24;14 57;35026123;B;1013C;31.54;17.54;10.35;24.76;4.61;5.53;0.75;1.82;1.37;1.80;2DA
02 07 24;12 16;35026043;A;1012C;28.50;17.93;10.39;32.00;4.16;5.27;0.76;1.68;1.23;1.59;1RA
02 07 24;12 33;35026043;A;1012C;29.44;18.10;10.77;30.20;4.15;5.42;0.77;1.71;1.25;1.63;2DA
02 07 24;12 40;35026058;A;1012C;29.32;17.11;10.81;33.00;4.48;5.55;0.73;1.77;1.29;1.71;1RA
02 07 24;13 05;35026058;A;1012C;30.23;17.02;10.60;30.96;4.36;5.57;0.72;1.81;1.34;1.78;2DA
02 07 24;14 31;35026090;;1013C;27.31;14.81;7.64;38.97;3.88;5.14;0.77;1.75;1.37;1.84;1RA
02 07 24;14 38;35026090;;1013C;32.53;16.64;12.65;27.61;4.39;5.87;0.81;2.01;1.44;1.95;2DA
04 07 24;09 22;35026021;A;1012C;27.67;16.08;10.13;33.97;4.16;4.85;0.75;1.81;1.32;1.72;1RA
04 07 24;09 38;35026021;A;1012C;28.21;16.21;11.49;34.53;4.00;4.71;0.75;1.90;1.35;1.74;2DA
04 07 24;15 10;35026133;;1015C;35.98;12.62;13.29;30.11;4.03;4.09;1.03;2.95;2.15;2.85;2DA
04 07 24;15 17;35026145;;1028C;29.38;16.82;7.62;33.62;4.75;5.58;0.82;1.65;1.31;1.75;1RA
07 08 24;14 50;35026167;A;1022;34.34;18.89;10.42;16.58;5.10;6.35;0.66;1.77;1.36;1.82;2DA
07 08 24;15 19;35026167;A;1022;32.63;18.67;9.99;18.86;4.99;5.89;0.65;1.74;1.33;1.75;1RA
08 08 24;08 38;35026167;A;1022;33.06;19.20;10.17;18.90;5.03;6.08;0.68;1.71;1.31;1.72;1RA
08 08 24;08 54;35026167;A;1022;34.31;19.06;10.57;16.50;5.06;6.33;0.67;1.77;1.35;1.80;2DA
16 08 24;11 32;35026239;A;1022;27.92;18.92;9.36;22.52;4.75;5.89;0.60;1.50;1.13;1.48;1RA
16 08 24;11 39;35026239;A;1022;28.18;18.90;9.67;22.17;4.76;6.07;0.60;1.52;1.13;1.49;2DA
22 08 24;15 07;35026316;M;1008;26.43;11.46;7.69;37.19;3.90;3.48;0.80;2.28;1.77;2.31;2DA
22 08 24;16 40;35026316;M;1008;26.59;11.44;7.69;37.74;3.94;3.43;0.79;2.30;1.79;2.32;2DA
26 08 24;11 29;35026356;;1022;29.14;17.91;9.20;22.93;4.78;6.20;0.64;1.59;1.21;1.63;1RA
26 08 24;11 46;35026356;;1022;28.94;17.50;9.18;23.25;4.77;6.02;0.57;1.62;1.23;1.65;2DA
26 08 24;12 08;35026326;;1006;27.08;11.54;7.49;38.76;4.31;2.48;0.73;2.46;1.93;2.35;1RA
26 08 24;12 15;35026326;;1006;25.74;10.18;7.72;40.44;3.85;2.80;0.70;2.58;1.98;2.53;2DA
27 08 24;12 03;35026367;;1022;25.72;19.24;8.94;26.81;4.88;5.84;0.62;1.38;1.03;1.34;1RA
27 08 24;12 19;35026367;;1022;29.64;19.14;14.28;19.07;3.83;5.93;0.70;1.75;1.18;1.55;2DA
04 09 24;00 36;35026424;A;1022;25.56;18.31;8.74;28.34;4.01;4.74;0.53;1.49;1.11;1.40;1RA
04 09 24;00 53;35026424;A;1022;25.54;17.13;8.97;28.42;4.05;4.63;0.55;1.59;1.17;1.49;2DA
04 09 24;01 32;35026413;A;1022;26.04;16.72;8.93;28.51;4.83;4.91;0.55;1.62;1.20;1.56;1RA
04 09 24;02 57;35026413;A;1022;24.88;15.39;8.61;28.76;4.79;4.87;0.57;1.65;1.23;1.62;2DA
09 09 24;13 55;35026430;;1022;24.90;15.02;11.92;29.92;4.15;5.09;0.61;1.83;1.24;1.66;1RA
09 09 24;14 11;35026430;;1022;24.69;14.54;12.43;30.24;4.20;5.20;0.63;1.88;1.25;1.70;2DA
20 09 24;00 48;35026572;A;1008;27.74;15.26;9.21;31.00;4.37;3.67;0.85;1.95;1.46;1.82;1RA
20 09 24;01 05;35026572;A;1008;27.27;13.31;9.28;31.72;3.73;3.50;0.77;2.17;1.62;2.05;2DA
20 09 24;03 39;35026583;B;1006;27.48;13.29;9.04;32.66;3.78;3.64;0.81;2.16;1.62;2.07;1RA
20 09 24;04 04;35026583;B;1006;28.66;13.28;10.98;30.81;4.00;3.44;0.80;2.37;1.71;2.16;2DA
30 09 24;18 16;35026632;A;1022;26.94;15.77;9.41;28.87;4.45;5.82;0.63;1.68;1.25;1.71;1RA
30 09 24;18 23;35026632;A;1022;27.23;15.11;9.01;28.86;4.25;5.54;0.59;1.76;1.32;1.80;2DA
30 09 24;18 30;35026621;A;1022;29.87;16.84;10.11;23.13;4.88;6.30;0.72;1.73;1.29;1.77;1RA
30 09 24;18 37;35026621;A;1022;29.13;16.59;11.80;22.84;4.64;5.84;0.73;1.82;1.30;1.76;2DA
01 10 24;06 12;35026642;A;1022;24.19;17.04;8.55;29.82;3.83;5.37;0.53;1.46;1.08;1.42;1RA
01 10 24;06 20;35026642;A;1022;26.07;16.52;9.36;28.75;3.82;5.41;0.49;1.62;1.19;1.58;2DA
08 10 24;11 16;35026665;C;1022;24.11;14.32;8.35;34.55;4.20;4.53;0.59;1.72;1.28;1.68;1RA
08 10 24;11 33;35026665;C;1022;24.54;14.01;8.74;33.50;4.31;4.67;0.58;1.78;1.31;1.75;2DA
09 10 24;14 47;35026709;C;1022;23.86;16.85;8.36;29.55;3.79;5.45;0.50;1.44;1.07;1.42;1RA
09 10 24;14 56;35026709;C;1022;25.60;16.34;9.32;28.57;3.76;5.49;0.49;1.60;1.17;1.57;2DA
09 10 24;16 50;35026665;C;1022;24.48;14.45;8.80;35.10;4.27;4.64;0.62;1.74;1.28;1.69;1RA
09 10 24;16 57;35026665;C;1022;25.02;14.19;9.11;34.09;4.40;4.84;0.61;1.79;1.32;1.76;2DA
10 10 24;00 50;35026709;C;1022;24.23;17.23;8.54;29.98;3.81;5.60;0.53;1.44;1.06;1.41;1RA
10 10 24;00 57;35026709;C;1022;26.13;16.68;9.61;29.04;3.79;5.68;0.52;1.60;1.17;1.57;2DA
19 11 24;16 41;35026999;A;1022;23.66;16.80;8.22;29.35;3.73;5.44;0.53;1.43;1.06;1.41;1RA
20 11 24;09 43;35027038;B;1523;26.41;17.85;9.63;27.13;4.53;5.64;0.57;1.53;1.12;1.48;2DA
20 11 24;10 39;35027038;B;1523;26.36;17.92;9.76;27.81;4.72;6.02;0.64;1.51;1.10;1.47;1RA
21 11 24;12 51;35027120;A;1006;31.24;14.41;11.53;27.33;3.54;4.07;0.85;2.32;1.69;2.17;2DA
21 11 24;13 24;35027168;B;1022;23.21;16.03;8.09;28.71;3.65;5.24;0.50;1.47;1.09;1.45;1RA
21 11 24;13 31;35027168;B;1022;24.29;14.50;8.67;34.94;4.22;4.64;0.61;1.72;1.27;1.68;2DA
27 01 25;10 30;35027570;A;1022;26.99;17.00;9.99;25.09;4.87;5.15;0.61;1.67;1.22;1.59;1RA
27 01 25;10 46;35027570;A;1022;31.33;17.74;12.13;19.52;3.95;5.43;0.49;1.88;1.35;1.77;2DA
27 01 25;11 58;35027570;A;1022;26.98;17.09;9.87;25.18;4.87;5.15;0.00;1.66;1.21;1.58;1RA
27 01 25;12 05;35027570;A;1022;31.60;18.17;12.16;19.76;3.98;5.50;0.00;1.85;1.34;1.74;2DA
28 01 25;14 58;35027602;A;1006;29.67;13.90;8.29;31.12;4.39;3.05;0.00;2.24;1.75;2.14;1RA
29 01 25;11 18;35027582;A;1022;28.10;18.56;10.50;20.01;4.61;5.42;0.00;1.61;1.17;1.51;1RA
29 01 25;11 25;35027582;A;1022;29.22;18.73;11.26;20.09;4.34;5.33;0.00;1.68;1.21;1.56;2DA
29 01 25;11 48;35027602;A;1006;29.82;13.99;8.13;31.31;4.37;3.06;0.00;2.23;1.75;2.13;1RA
29 01 25;14 33;35027602;A;1006;30.34;13.00;8.58;30.27;4.13;2.96;0.00;2.44;1.90;2.33;2DA
31 01 25;09 55;35027638;A;1011;30.12;19.45;12.04;20.72;4.54;6.27;0.00;1.64;1.17;1.55;1RA
31 01 25;10 11;35027638;A;1011;33.97;19.46;12.58;16.63;4.06;5.99;0.00;1.83;1.33;1.75;2DA
03 02 25;09 25;35027654;A;1011;29.49;18.92;10.63;20.91;4.50;6.54;0.00;1.58;1.16;1.56;2DA
04 02 25;07 53;35027654;B;1011;28.03;18.08;9.34;22.34;4.47;6.27;0.00;1.53;1.15;1.55;1RA
04 02 25;08 10;35027654;B;1011;29.02;18.27;10.29;20.66;4.44;6.28;0.00;1.60;1.18;1.59;2DA
04 02 25;11 06;35027654;B;1011;28.12;18.19;9.57;22.45;4.48;6.41;0.50;1.53;1.14;1.55;1RA
05 02 25;08 52;35027689;B;1523;29.79;20.47;10.96;17.99;5.39;8.65;0.52;1.40;1.02;1.45;1RA
05 02 25;12 02;35027689;B;1523;30.06;19.53;11.06;18.22;5.03;8.39;0.47;1.47;1.08;1.54;2DA
10 02 25;09 11;35027732;B;1011;27.11;17.99;8.80;26.24;4.47;5.78;0.59;1.51;1.14;1.51;1RA
10 02 25;09 27;35027732;B;1011;27.73;18.11;9.15;25.39;4.35;5.82;0.52;1.54;1.16;1.53;2DA
10 02 25;10 20;35027677;A;1008;29.51;15.71;8.75;30.20;4.15;3.98;0.83;1.94;1.50;1.88;1RA
10 02 25;10 27;35027677;A;1008;32.74;16.08;9.21;28.15;4.16;4.41;0.93;2.05;1.60;2.04;2DA
10 02 25;10 35;35027726;A;1011;27.91;19.43;8.87;27.31;4.38;6.04;0.57;1.44;1.10;1.44;1RA
10 02 25;10 42;35027726;A;1011;30.34;20.39;9.79;21.64;4.36;6.39;0.47;1.50;1.13;1.49;2DA
10 02 25;10 49;35027727;A;1011;28.34;19.61;9.07;25.69;4.50;5.94;0.57;1.46;1.11;1.45;1RA
10 02 25;10 56;35027727;A;1011;27.49;18.64;9.31;27.49;4.26;5.69;0.50;1.51;1.13;1.47;2DA
11 02 25;15 50;35027732;B;1011;25.51;16.44;8.60;24.79;4.13;5.33;0.54;1.57;1.17;1.55;1RA
11 02 25;09 22;35027732;A;1011;27.81;18.10;9.25;25.25;4.34;5.80;0.52;1.55;1.16;1.54;2DA
12 02 25;08 01;35027761;A;1022;29.18;18.76;10.36;21.20;4.72;7.00;0.58;1.54;1.13;1.56;1RA
12 02 25;08 17;35027761;A;1022;31.24;19.38;11.70;18.54;4.78;7.41;0.53;1.60;1.17;1.61;2DA
14 02 25;06 59;35027791;A;1022;26.32;17.39;10.51;25.35;4.85;5.67;0.54;1.60;1.14;1.51;1RA
14 02 25;07 15;35027791;A;1022;27.42;17.66;11.13;23.46;4.82;6.21;0.56;1.61;1.15;1.55;2DA
14 02 25;11 01;35027738;A;1011;31.96;21.18;10.59;17.03;4.99;7.32;0.59;1.49;1.12;1.51;1RA
14 02 25;11 08;35027738;A;1011;30.96;19.82;10.93;20.79;4.54;6.38;0.60;1.60;1.18;1.56;2DA
14 02 25;11 15;35027770;A;1022;30.04;20.73;11.85;20.64;4.53;6.99;0.56;1.51;1.08;1.45;1RA
14 02 25;12 05;35027770;A;1022;30.86;18.43;12.10;18.20;4.32;6.45;0.51;1.73;1.24;1.67;2DA
14 02 25;11 37;35027771;A;1022;29.83;18.50;11.19;21.76;4.70;6.50;0.58;1.64;1.19;1.61;1RA
14 02 25;11 45;35027771;A;1022;29.19;18.41;11.71;20.41;4.71;6.41;0.54;1.65;1.18;1.59;2DA
14 02 25;12 25;35027796;A;1022;27.60;19.21;10.91;24.43;4.83;5.78;0.60;1.54;1.10;1.44;1RA
14 02 25;14 50;35027796;A;1022;27.68;18.71;11.29;24.35;4.80;5.66;0.55;1.60;1.14;1.48;2DA
17 02 25;05 21;35027804;A;1022;30.56;18.28;11.80;20.04;5.13;8.12;0.57;1.60;1.16;1.67;1RA
17 02 25;05 37;35027804;A;1022;30.91;18.29;12.90;21.51;4.85;7.84;0.56;1.68;1.18;1.69;2DA
17 02 25;11 35;35027808;B;1022;29.59;15.89;10.62;27.40;4.99;7.15;0.82;1.75;1.28;1.86;1RA
17 02 25;11 52;35027808;B;1022;30.49;13.95;10.02;22.88;4.53;6.18;0.68;2.01;1.51;2.18;2DA
19 02 25;05 37;35027831;A;1022;26.09;19.36;11.77;29.52;4.55;5.64;0.60;1.51;1.04;1.35;1RA
19 02 25;05 44;35027831;A;1022;26.02;17.91;12.68;29.25;4.54;5.51;0.57;1.65;1.11;1.45;2DA
21 02 25;05 40;35027865;A;1022;27.13;20.48;11.14;23.73;4.33;7.07;0.62;1.39;0.98;1.32;1RA
21 02 25;05 56;35027865;A;1022;26.54;18.79;11.07;25.01;4.17;6.43;0.57;1.49;1.05;1.41;2DA
25 02 25;07 47;35027854;B;1022;28.09;19.75;10.63;23.48;4.76;7.20;0.61;1.44;1.04;1.42;1RA
24 02 25;09 16;35027854;B;1022;28.54;19.88;10.96;22.38;4.80;7.22;0.54;1.46;1.05;1.44;2DA
25 02 25;08 59;35027848;A;1022;27.34;18.21;10.18;22.90;4.42;5.84;0.59;1.56;1.14;1.50;1RA
25 02 25;09 06;35027848;A;1022;28.08;18.91;10.92;21.03;4.38;6.23;0.59;1.55;1.12;1.48;2DA
25 02 25;10 57;35027873;A;1022;29.69;20.28;10.54;20.71;4.38;7.01;0.49;1.47;1.09;1.46;1RA
25 02 25;11 04;35027873;A;1022;29.79;19.72;10.92;21.56;4.30;7.14;0.46;1.52;1.11;1.51;2DA
26 02 25;07 44;35027925;A;1523;26.01;19.35;10.48;24.03;4.47;6.69;0.54;1.40;1.00;1.34;1RA
26 02 25;07 35;35027925;A;1523;27.48;19.28;11.63;21.11;4.43;6.81;0.47;1.50;1.05;1.43;2DA
26 02 25;11 22;35027891;A;1022;25.29;18.08;10.25;30.97;4.34;6.07;0.63;1.47;1.05;1.40;1RA
26 02 25;10 33;35027891;A;1022;27.39;19.51;11.52;26.10;4.52;7.00;0.56;1.47;1.03;1.40;2DA
26 02 25;11 29;35027903;A;1022;26.08;18.33;11.96;29.18;4.55;5.98;0.65;1.56;1.07;1.42;1RA
26 02 25;10 56;35027903;A;1022;26.79;17.97;12.56;26.88;4.50;5.86;0.57;1.65;1.12;1.49;2DA
03 03 25;06 17;35027972;A;1022;27.02;19.16;11.08;24.16;4.13;6.19;0.59;1.50;1.07;1.41;1RA
03 03 25;06 34;35027972;A;1022;27.40;18.74;11.46;21.83;4.29;6.34;0.62;1.55;1.09;1.46;2DA
05 03 25;15 02;35028002;A;1022;28.95;20.49;13.14;22.71;4.63;7.37;0.66;1.51;1.04;1.41;1RA
05 03 25;11 28;35028002;A;1022;28.17;19.71;13.16;23.76;4.62;7.14;0.65;1.54;1.05;1.43;2DA
07 03 25;06 06;35028048;A;1008;29.50;18.70;12.11;29.50;4.29;5.36;0.87;1.73;1.23;1.58;1RA
07 03 25;06 22;35028048;A;1008;29.84;17.95;11.73;27.16;4.31;5.56;0.92;1.77;1.27;1.66;2DA
10 03 25;10 29;35028063;A;1022;28.42;18.39;11.05;26.36;4.84;6.52;0.65;1.58;1.14;1.55;1RA
10 03 25;10 46;35028063;A;1022;29.24;18.54;11.80;22.73;4.92;6.81;0.61;1.62;1.15;1.58;2DA
12 03 25;12 17;35028088;A;1523;27.27;18.83;12.94;23.28;4.53;7.38;0.57;1.53;1.04;1.45;1RA
12 03 25;11 48;35028088;A;1523;28.48;19.45;13.55;21.16;4.80;7.86;0.58;1.54;1.04;1.46;2DA
13 03 25;10 07;35028096;A;1523;27.02;18.58;11.12;25.61;4.68;7.53;0.59;1.46;1.03;1.45;1RA
13 03 25;12 24;35028096;A;1523;28.20;18.34;12.08;24.02;4.52;7.29;0.53;1.57;1.10;1.54;2DA
19 03 25;06 36;35028151;A;1022;26.95;20.30;11.28;22.64;4.41;8.11;0.57;1.35;0.95;1.33;1RA
19 03 25;06 18;35028151;A;1022;28.54;20.30;12.80;22.10;4.29;8.04;0.56;1.46;1.01;1.41;2DA
25 03 25;15 02;35028176;A;1022;27.23;19.80;12.28;24.74;4.27;6.92;0.61;1.48;1.02;1.38;1RA
21 03 25;09 10;35028176;A;1022;27.08;19.97;14.01;24.10;4.37;7.37;0.64;1.50;0.99;1.36;2DA
28 03 25;10 32;35028203;A;1030;25.53;21.93;11.14;28.07;4.05;6.72;0.57;1.28;0.89;1.16;1RA
28 03 25;10 39;35028203;A;1030;25.94;21.00;12.16;26.36;4.15;6.80;0.53;1.37;0.93;1.24;2DA
31 03 25;09 09;35028211;A;1030;28.05;20.32;12.73;20.90;4.78;8.08;0.63;1.44;0.99;1.38;1RA
31 03 25;09 25;35028211;A;1030;29.00;19.50;13.93;21.85;4.40;7.65;0.53;1.58;1.07;1.49;2DA
31 03 25;09 33;35028263;A;1022;25.75;19.40;12.25;24.08;4.14;8.35;0.60;1.37;0.93;1.33;1RA
31 03 25;09 40;35028263;A;1022;26.01;19.33;12.74;22.66;4.10;7.90;0.53;1.42;0.96;1.35;2DA
01 04 25;06 39;35028299;A;3702;29.29;19.38;8.66;23.96;4.31;6.41;0.58;1.47;1.14;1.51;1RA
01 04 25;06 56;35028299;A;3702;0.00;0.00;0.37;0.01;0.03;0.00;0.00;-0.08;0.05;0.05;2DA
03 04 25;05 25;35028307;B;3702;31.13;19.62;10.29;21.31;4.48;7.37;0.57;1.53;1.15;1.59;1RA
03 04 25;05 41;35028307;B;3702;31.78;19.68;11.50;20.07;4.81;7.90;0.57;1.57;1.15;1.61;2DA
03 04 25;05 49;35028312;A;3702;30.77;18.61;10.24;22.98;4.76;6.95;0.67;1.60;1.20;1.65;1RA
03 04 25;05 56;35028312;A;3702;32.11;18.62;10.59;23.10;4.71;6.83;0.64;1.68;1.26;1.72;2DA
04 04 25;06 04;35028336;A;3702;0.00;0.00;0.37;0.01;0.03;0.00;0.00;-0.08;0.05;0.05;1RA
04 04 25;06 33;35028336;A;3702;31.81;19.58;11.98;20.73;4.12;7.67;0.81;1.61;1.17;1.62;2DA
08 04 25;13 52;35028354;A;3702;28.27;20.00;14.50;23.75;3.93;7.14;0.60;1.58;1.04;1.41;2DA
08 04 25;14 01;35028336;A;3702;30.94;19.10;10.56;23.45;4.29;6.93;0.91;1.59;1.19;1.62;1RA
08 04 25;14 09;35028336;A;3702;32.11;21.12;9.80;21.84;4.54;6.80;0.54;1.50;1.15;1.52;2DA
08 04 25;14 16;35028354;A;3702;26.89;19.00;12.95;26.50;3.98;6.52;0.68;1.56;1.05;1.42;1RA
10 04 25;09 47;35028412;A;3702;30.82;22.27;14.12;17.60;3.98;7.16;0.59;1.53;1.05;1.38;2DA
10 04 25;11 19;35028412;A;3702;27.75;20.77;12.07;23.68;4.16;7.36;0.69;1.42;0.99;1.34;1RA
10 04 25;12 16;35028414;A;3702;26.59;20.97;10.39;25.22;3.87;7.25;0.59;1.31;0.94;1.27;1RA
11 04 25;10 33;35028415;A;3702;26.26;20.60;10.23;26.35;4.19;7.14;0.57;1.32;0.95;1.27;1RA
11 04 25;10 50;35028415;A;3702;27.52;19.80;11.51;24.72;4.00;6.73;0.53;1.47;1.04;1.39;2DA
11 04 25;10 57;35028412;A;3702;27.48;20.35;11.57;23.52;4.20;7.19;0.68;1.42;1.00;1.35;1RA
11 04 25;11 23;35028414;A;3702;28.12;20.95;10.92;21.40;3.82;7.36;0.47;1.38;0.99;1.34;2DA
11 04 25;11 30;35028413;A;3702;28.28;20.62;11.91;22.84;3.91;7.15;0.63;1.45;1.02;1.37;1RA
11 04 25;11 38;35028413;A;3702;28.37;20.91;12.59;23.55;3.63;6.84;0.59;1.48;1.02;1.36;2DA
11 04 25;11 45;35028416;A;3702;26.79;19.18;10.80;25.76;4.02;6.62;0.58;1.46;1.04;1.40;1RA
11 04 25;11 52;35028416;A;3702;30.48;20.70;13.07;19.77;3.78;7.09;0.52;1.57;1.10;1.47;2DA
15 04 25;06 40;35028417;A;3702;26.77;20.98;10.44;25.67;4.15;7.20;0.65;1.32;0.95;1.28;1RA
15 04 25;06 57;35028417;A;3702;29.42;21.27;12.19;20.79;4.10;7.38;0.50;1.45;1.03;1.38;2DA
15 04 25;07 04;35028427;A;3702;28.64;21.37;11.48;20.63;4.30;7.63;0.51;1.38;0.99;1.34;1RA
15 04 25;07 11;35028427;A;3702;29.77;21.96;12.40;18.13;4.22;8.04;0.42;1.41;0.99;1.36;2DA
16 04 25;05 36;35028499;A;1030;26.38;18.71;11.11;30.44;3.96;6.03;0.54;1.52;1.07;1.41;1RA
17 04 25;06 33;35028435;A;3702;30.54;21.08;11.44;21.27;4.32;7.42;0.67;1.47;1.07;1.45;1RA
17 04 25;09 04;35028435;A;3702;30.78;20.33;12.40;17.95;4.10;6.98;0.50;1.58;1.13;1.51;2DA
18 04 25;05 16;35028505;A;1030;27.93;19.46;10.62;23.60;3.89;7.55;0.53;1.43;1.03;1.44;1RA
18 04 25;05 33;35028505;A;1030;28.46;19.40;11.16;22.69;3.98;7.59;0.52;1.47;1.05;1.47;2DA
22 04 25;06 23;35028393;A;3702;25.57;20.12;12.61;26.93;4.41;6.71;0.62;1.42;0.95;1.27;1RA
22 04 25;06 31;35028393;A;3702;28.25;20.62;14.51;22.10;4.36;7.00;0.62;1.55;1.02;1.37;2DA
22 04 25;06 38;35028460;A;3702;29.05;21.59;12.12;21.66;4.26;8.12;0.64;1.39;0.98;1.35;1RA
22 04 25;06 45;35028460;A;3702;28.88;20.67;11.86;21.00;3.94;7.71;0.53;1.44;1.02;1.40;2DA
23 04 25;05 34;35028616;A;3702;28.12;19.61;12.42;22.67;3.64;6.54;0.54;1.55;1.08;1.43;1RA
23 04 25;08 41;35028616;B;3702;30.97;19.69;14.04;20.49;3.54;6.37;0.49;1.73;1.19;1.57;2DA
23 04 25;09 20;35028616;A;3702;31.01;19.58;13.78;20.40;3.55;6.14;0.50;1.74;1.21;1.58;2DA
25 04 25;11 42;35028621;B;3460;28.39;18.39;13.09;25.48;3.81;6.13;0.63;1.69;1.16;1.54;1RA
25 04 25;10 21;35028621;A;3460;29.19;18.33;13.62;23.49;3.93;6.16;0.60;1.75;1.19;1.59;2DA
25 04 25;11 06;35028556;A;3460;31.40;20.12;12.38;20.90;3.56;6.99;0.60;1.61;1.16;1.56;2DA
25 04 25;15 50;35028621;B;3460;29.13;18.31;13.38;23.42;3.89;6.08;0.60;1.74;1.19;1.59;2DA
28 04 25;06 15;35028634;A;3460;26.36;17.02;11.82;29.39;3.52;5.55;0.57;1.69;1.17;1.55;1RA
28 04 25;06 32;35028634;A;3460;30.72;19.27;13.19;22.99;3.59;6.02;0.59;1.74;1.21;1.59;2DA
02 05 25;06 36;35028677;A;3460;25.26;17.60;11.56;31.17;3.70;6.36;0.59;1.54;1.05;1.44;1RA
02 05 25;06 53;35028677;A;3460;26.22;17.85;12.08;27.63;3.78;6.03;0.52;1.60;1.10;1.47;2DA
05 05 25;06 11;35028642;A;3460;28.26;18.93;12.32;23.70;4.32;5.99;0.59;1.63;1.13;1.49;1RA
05 05 25;06 28;35028642;A;3460;29.80;19.19;14.93;22.21;4.17;6.13;0.58;1.77;1.18;1.55;2DA
05 05 25;06 35;35028655;A;3460;28.10;19.77;12.06;23.59;4.28;7.02;0.67;1.50;1.05;1.42;1RA
05 05 25;06 42;35028655;A;3460;28.59;19.72;12.24;22.00;4.37;6.96;0.62;1.53;1.07;1.45;2DA
05 05 25;06 50;35028696;A;3460;26.65;19.10;12.03;25.58;3.93;6.78;0.55;1.49;1.03;1.40;1RA
05 05 25;06 57;35028696;A;3460;30.21;21.46;13.83;20.34;3.88;7.23;0.50;1.53;1.05;1.41;2DA
08 05 25;08 19;35028739;A;3460;24.45;20.32;10.34;28.08;3.54;7.19;0.51;1.26;0.89;1.20;1RA
08 05 25;08 35;35028739;A;3460;25.57;19.69;11.45;26.63;3.52;6.87;0.55;1.39;0.96;1.30;2DA
09 05 25;04 56;35028762;A;3460;26.47;19.59;10.68;25.96;3.79;7.20;0.57;1.39;0.99;1.35;1RA
09 05 25;05 12;35028762;A;3460;27.88;19.89;11.00;22.94;3.91;7.41;0.53;1.42;1.02;1.40;2DA
13 05 25;23 50;35028777;A;3460;28.94;16.92;10.64;26.56;4.10;5.79;0.67;1.74;1.27;1.71;1RA
14 05 25;00 07;35028777;A;3460;31.14;17.71;11.13;23.06;4.22;6.27;0.68;1.76;1.30;1.76;2DA
14 05 25;05 51;35028770;A;3460;27.09;18.44;9.70;28.52;3.59;6.31;0.61;1.49;1.09;1.47;1RA
14 05 25;06 08;35028770;A;3460;28.07;18.31;10.79;26.22;3.57;6.28;0.56;1.58;1.14;1.53;2DA
14 05 25;06 15;35028805;A;3460;28.19;18.85;9.99;25.35;4.13;6.51;0.63;1.51;1.11;1.50;1RA
14 05 25;06 22;35028805;A;3460;28.59;17.62;10.77;25.26;3.83;6.16;0.58;1.65;1.20;1.62;2DA
16 05 25;06 08;35028837;A;3460;30.19;19.24;10.22;24.82;3.92;5.86;0.63;1.61;1.20;1.57;1RA
16 05 25;06 24;35028837;A;3460;30.56;19.03;10.51;24.06;3.98;6.03;0.64;1.64;1.22;1.61;2DA
19 05 25;23 25;35028857;A;3460;26.00;17.84;9.94;30.29;3.57;6.30;0.57;1.49;1.08;1.46;1RA
19 05 25;23 42;35028857;A;3460;26.80;18.13;10.65;28.73;3.65;6.39;0.53;1.53;1.09;1.48;2DA
22 05 25;13 40;35028886;B;3460;26.04;19.32;9.07;26.64;4.01;7.15;0.53;1.33;0.98;1.35;1RA
21 05 25;11 33;35028886;A;3460;28.12;19.82;10.51;22.18;4.03;7.49;0.48;1.41;1.03;1.42;2DA
23 05 25;14 40;35028917;B;1022;25.75;18.44;10.24;28.14;4.36;6.88;0.61;1.42;1.02;1.40;1RA
23 05 25;11 31;35028917;A;1022;27.30;18.74;10.71;25.04;4.36;7.14;0.55;1.47;1.05;1.46;2DA
26 05 25;06 10;35028924;A;1022;27.40;17.29;9.58;27.22;4.14;6.94;0.62;1.53;1.13;1.59;1RA
26 05 25;06 26;35028924;A;1022;28.10;17.32;10.42;25.05;4.22;7.05;0.56;1.58;1.15;1.62;2DA
28 05 25;06 47;35028957;A;1030;24.88;18.02;10.84;29.61;4.30;6.64;0.59;1.45;1.01;1.38;1RA
28 05 25;06 54;35028957;A;1030;25.88;18.33;11.71;26.99;4.43;7.03;0.55;1.48;1.02;1.41;2DA
08 08 25;09 27;35029153;A;1022;29.27;18.39;11.46;24.06;4.05;4.96;0.52;1.74;1.25;1.59;1RA
11 08 25;15 33;35029215;A;1030;29.42;17.61;10.06;28.92;3.92;4.40;0.50;1.79;1.34;1.67;1RA
11 08 25;15 50;35029215;A;1030;29.86;17.65;11.42;24.82;4.17;4.21;0.49;1.89;1.37;1.69;2DA
11 08 25;15 57;35029247;A;1022;30.49;16.43;10.41;28.19;3.77;5.18;0.48;1.89;1.41;1.86;1RA
11 08 25;16 04;35029247;A;1022;30.90;16.91;10.54;25.14;3.81;5.19;0.46;1.87;1.40;1.83;2DA
12 08 25;21 24;35029261;A;1022;31.72;17.78;10.91;20.58;4.16;5.85;0.49;1.80;1.34;1.78;2DA
20 08 25;06 01;35029331;A;1523;27.23;16.98;9.89;30.92;3.77;4.96;0.49;1.69;1.24;1.60;1RA
21 08 25;05 27;35029365;A;1011;26.05;16.24;10.03;33.58;3.83;5.12;0.50;1.69;1.22;1.60;1RA
21 08 25;05 44;35029365;A;1011;26.23;15.93;10.87;32.62;3.85;4.93;0.47;1.78;1.26;1.65;2DA
21 08 25;09 22;35029331;A;1523;28.96;17.48;10.93;26.31;3.92;4.74;0.47;1.79;1.30;1.66;2DA
22 08 25;05 38;35029405;A;1523;27.73;16.73;11.65;30.28;4.07;4.23;0.51;1.88;1.32;1.66;1RA
22 08 25;05 54;35029405;A;1523;28.63;17.86;11.12;30.38;4.01;4.25;0.51;1.80;1.29;1.60;2DA
25 08 25;11 47;35029413;A;1523;28.08;17.27;11.60;28.14;4.49;5.04;0.53;1.78;1.26;1.63;1RA
25 08 25;14 32;35029413;A;1523;28.59;17.88;10.99;26.54;4.46;5.26;0.55;1.71;1.24;1.60;2DA
26 08 25;00 56;35029423;A;1011;26.74;16.75;10.60;33.36;3.75;5.10;0.49;1.71;1.22;1.60;1RA
26 08 25;04 02;35029423;A;1011;28.28;16.11;10.38;30.89;3.92;5.07;0.51;1.83;1.34;1.76;2DA
28 08 25;04 41;35029460;A;1022;23.70;15.99;9.42;40.32;3.42;4.30;0.48;1.63;1.17;1.48;1RA
28 08 25;04 57;35029460;A;1022;25.41;17.19;9.90;34.71;3.59;4.55;0.45;1.62;1.17;1.48;2DA
28 08 25;05 38;35029460;A;1022;25.61;17.24;9.79;34.86;3.63;4.54;0.47;1.62;1.18;1.49;2DA
01 09 25;14 52;35029507;A;1022;24.40;12.95;8.56;38.76;3.62;3.91;0.46;1.95;1.45;1.88;1RA
01 09 25;15 08;35029507;A;1022;27.16;14.33;9.52;32.84;4.03;4.24;0.49;1.97;1.46;1.90;2DA
05 09 25;10 41;35029552;A;1022;28.14;18.01;10.48;28.89;4.39;5.55;0.55;1.64;1.19;1.56;2DA
05 09 25;11 47;35029531;A;1022;27.55;17.24;10.41;31.12;3.93;4.89;0.47;1.71;1.24;1.60;1RA
05 09 25;11 54;35029531;A;1022;27.81;17.09;11.46;30.21;4.02;4.78;0.45;1.80;1.27;1.63;2DA
05 09 25;12 01;35029558;A;1022;26.94;16.30;9.79;34.79;3.67;5.10;0.55;1.72;1.26;1.65;1RA
05 09 25;12 09;35029558;A;1022;26.68;15.95;10.51;34.29;3.71;4.91;0.51;1.78;1.28;1.67;2DA
08 09 25;11 28;35029563;A;1022;28.21;17.83;10.26;31.22;3.64;5.21;0.51;1.67;1.22;1.58;1RA
09 09 25;05 51;35029563;A;1022;28.08;17.81;10.29;31.12;3.62;5.12;0.52;1.67;1.22;1.58;2DA
11 09 25;05 19;35029585;A;1022;27.66;17.40;11.35;29.56;3.90;4.60;0.53;1.77;1.26;1.59;2DA
12 09 25;03 59;35029585;A;1022;27.60;17.36;11.21;29.61;3.94;4.62;0.52;1.77;1.26;1.59;2DA
12 09 25;04 20;35029626;A;1011;26.42;19.87;10.51;27.35;3.94;5.49;0.42;1.46;1.04;1.33;1RA
12 09 25;04 28;35029626;A;1011;26.38;19.54;10.87;26.82;3.95;5.52;0.39;1.49;1.05;1.35;2DA
15 09 25;10 14;35029585;A;1022;25.27;16.97;9.85;35.64;3.80;4.75;0.54;1.62;1.16;1.49;1RA
15 09 25;10 54;35029644;A;1011;25.86;14.69;8.27;33.01;3.91;5.18;0.48;1.72;1.30;1.76;1RA
15 09 25;11 01;35029644;A;1011;27.73;16.28;8.82;31.02;4.23;5.58;0.53;1.67;1.27;1.70;2DA
15 09 25;11 09;35029647;A;1011;27.10;15.35;8.96;26.25;3.96;5.71;0.44;1.71;1.29;1.76;1RA
15 09 25;11 16;35029647;A;1011;28.78;17.13;10.24;27.30;4.20;6.06;0.49;1.68;1.24;1.68;2DA
16 09 25;23 22;35029689;A;1022;26.95;16.76;9.48;32.31;3.49;4.96;0.49;1.68;1.24;1.61;1RA
16 09 25;23 39;35029689;A;1022;28.06;17.20;10.09;30.18;3.66;5.17;0.50;1.71;1.25;1.63;2DA
17 09 25;07 08;35029694;A;1022;30.23;17.06;10.33;27.34;4.05;5.08;0.56;1.83;1.37;1.77;1RA
17 09 25;07 24;35029694;A;1022;30.50;16.97;10.15;25.51;4.10;4.91;0.53;1.86;1.39;1.80;2DA
17 09 25;10 59;35029698;A;1022;29.08;16.65;9.84;28.45;3.79;5.15;0.57;1.79;1.33;1.75;1RA
17 09 25;11 15;35029698;A;1022;30.09;17.26;10.64;27.69;3.83;5.13;0.55;1.82;1.34;1.74;2DA
19 09 25;05 41;35029758;A;1022;29.30;20.92;10.25;21.37;3.99;5.05;0.49;1.52;1.13;1.40;1RA
24 09 25;05 35;35029797;A;1523;28.83;17.95;10.17;26.84;4.42;5.45;0.50;1.67;1.23;1.61;1RA
24 09 25;05 42;35029797;A;1523;29.40;17.65;10.69;26.84;4.34;5.20;0.41;1.75;1.29;1.67;2DA
29 09 25;06 31;35029854;A;1011;30.82;19.23;9.89;23.21;4.19;6.00;0.56;1.61;1.22;1.60;1RA
29 09 25;06 47;35029854;A;1011;33.14;20.54;11.64;15.70;4.38;5.91;0.48;1.69;1.25;1.61;2DA
29 09 25;08 38;35029758;B;1022;30.60;21.94;10.54;22.25;4.28;5.00;0.52;1.53;1.14;1.39;1RA
29 09 25;08 45;35029758;B;1022;31.04;18.79;11.51;24.93;4.05;4.64;0.52;1.82;1.32;1.65;2DA
30 09 25;10 51;35029836;A;1022;31.05;21.02;9.57;22.84;3.95;5.77;0.47;1.52;1.16;1.48;1RA
30 09 25;10 58;35029836;A;1022;31.59;20.93;9.89;20.03;4.22;6.09;0.44;1.54;1.17;1.51;2DA
30 09 25;11 05;35029861;A;1011;31.12;17.63;10.31;27.36;3.43;5.13;0.48;1.82;1.37;1.76;1RA
30 09 25;11 13;35029861;A;1011;32.53;17.77;10.61;26.82;3.27;5.09;0.47;1.89;1.42;1.83;2DA
01 10 25;23 29;35029893;A;1022;33.07;18.70;9.01;23.40;4.17;5.81;0.52;1.72;1.35;1.77;1RA
01 10 25;23 46;35029893;A;1022;32.67;18.29;9.75;23.08;4.46;5.66;0.52;1.77;1.36;1.79;2DA
01 10 25;23 53;35029902;A;1022;34.36;18.17;9.33;22.40;4.08;5.80;0.56;1.82;1.43;1.89;1RA
02 10 25;00 01;35029902;A;1022;34.80;17.80;9.63;22.03;3.88;5.51;0.55;1.91;1.49;1.96;2DA
03 10 25;06 12;35029929;A;1008;31.59;18.16;10.34;25.81;4.93;5.02;0.81;1.81;1.36;1.74;1RA
03 10 25;06 29;35029929;A;1008;32.00;17.20;11.61;25.08;5.07;4.68;0.79;1.99;1.46;1.86;2DA
06 10 25;05 32;35029955;A;3460;31.64;15.35;9.41;27.46;4.38;5.49;0.57;1.97;1.52;2.06;1RA
06 10 25;05 49;35029955;A;3460;34.68;16.82;10.37;21.93;4.56;5.56;0.57;2.01;1.55;2.06;2DA
06 10 25;15 43;35029962;A;3460;33.01;17.35;9.09;22.47;4.61;6.27;0.57;1.78;1.40;1.90;1RA
06 10 25;15 59;35029962;A;3460;34.88;18.02;10.12;21.90;4.34;6.14;0.54;1.86;1.44;1.94;2DA
09 10 25;05 26;35029987;A;3460;29.01;19.97;10.65;27.23;4.19;4.97;0.51;1.59;1.16;1.45;1RA
09 10 25;05 33;35029987;A;3460;28.93;19.22;11.16;26.24;4.19;4.84;0.48;1.67;1.20;1.51;2DA
10 10 25;04 29;35030022;A;3460;30.29;18.26;11.97;24.33;3.62;4.75;0.53;1.84;1.32;1.66;1RA
10 10 25;04 45;35030022;A;3460;31.44;18.68;11.67;23.22;3.70;4.88;0.53;1.83;1.33;1.68;2DA
10 10 25;15 17;35030029;A;3460;31.06;18.58;10.26;25.38;3.93;5.06;0.59;1.75;1.31;1.67;1RA
10 10 25;15 34;35030029;A;3460;31.31;18.24;10.48;25.67;3.90;4.95;0.55;1.80;1.35;1.72;2DA
13 10 25;06 02;35030038;A;3460;28.51;17.99;9.73;29.20;4.11;5.21;0.58;1.65;1.23;1.59;1RA
13 10 25;06 18;35030038;A;3460;30.43;17.91;10.73;25.65;4.20;4.85;0.51;1.81;1.34;1.70;2DA
13 10 25;10 53;35030045;A;3460;30.38;18.89;10.67;24.75;3.84;4.86;0.54;1.73;1.28;1.61;1RA
13 10 25;11 10;35030045;A;3460;31.12;19.26;11.27;23.53;3.93;4.82;0.53;1.76;1.29;1.62;2DA
14 10 25;11 28;35030069;A;3460;28.85;17.09;10.09;29.53;3.84;4.86;0.57;1.77;1.31;1.69;1RA
14 10 25;11 35;35030069;A;3460;29.83;17.77;10.19;28.14;3.93;5.02;0.55;1.76;1.31;1.68;2DA
15 10 25;05 28;35030079;A;3460;33.65;18.99;10.86;22.10;4.08;4.82;0.50;1.87;1.41;1.77;1RA
15 10 25;05 45;35030079;A;3460;35.13;18.37;11.13;21.22;4.05;4.76;0.51;2.00;1.52;1.91;2DA
15 10 25;10 42;35030058;A;3460;31.40;18.50;11.47;22.99;4.08;4.83;0.52;1.84;1.35;1.70;1RA
15 10 25;10 59;35030058;A;3460;31.34;18.59;11.32;22.28;4.09;4.84;0.50;1.82;1.34;1.69;2DA
22 10 25;13 16;35030117;A;3460;30.41;17.72;10.24;27.49;4.02;4.90;0.60;1.80;1.34;1.72;1RA
22 10 25;13 32;35030117;A;3460;32.96;20.53;11.31;19.31;3.88;5.12;0.50;1.73;1.28;1.61;2DA
22 10 25;13 39;35030135;A;3460;32.04;19.35;11.31;20.38;3.94;4.84;0.54;1.79;1.32;1.66;1RA
22 10 25;13 47;35030135;A;3460;31.86;19.29;12.06;21.12;3.94;4.70;0.50;1.83;1.33;1.65;2DA
23 10 25;10 03;35030144;A;3460;29.57;19.69;10.94;26.02;3.53;4.91;0.60;1.65;1.20;1.50;1RA
23 10 25;10 19;35030144;A;3460;30.06;19.49;12.30;24.58;3.75;4.52;0.56;1.76;1.25;1.54;2DA
24 10 25;04 17;35030173;A;1523;30.23;17.08;9.42;24.39;3.82;4.85;0.61;1.81;1.38;1.77;1RA
24 10 25;04 34;35030173;A;1523;31.21;17.66;10.22;25.58;3.92;4.71;0.58;1.85;1.39;1.77;2DA
29 10 25;06 17;35030197;A;3460;30.37;17.21;9.13;29.27;4.10;5.63;0.62;1.73;1.33;1.76;1RA
29 10 25;06 33;35030197;A;3460;30.37;16.90;9.68;29.11;4.04;5.43;0.59;1.79;1.36;1.80;2DA
03 11 25;14 31;35030258;A;1022;32.72;18.81;10.28;22.63;3.99;5.42;0.66;1.77;1.35;1.74;1RA
03 11 25;14 48;35030258;A;1022;32.97;18.95;10.90;22.35;3.99;5.27;0.60;1.81;1.36;1.74;2DA
04 11 25;04 35;35030251;A;1022;28.70;15.74;8.37;32.34;4.56;5.39;0.70;1.75;1.36;1.82;1RA
04 11 25;04 51;35030251;A;1022;31.80;16.81;9.24;24.01;4.93;5.38;0.63;1.85;1.43;1.89;2DA
05 11 25;15 45;35030298;A;3460;31.32;18.59;8.80;25.60;4.10;5.34;0.61;1.68;1.31;1.68;1RA
06 11 25;23 17;35030298;A;3460;32.50;17.78;9.22;22.48;4.07;5.22;0.58;1.81;1.41;1.83;2DA
07 11 25;09 33;35030329;A;1022;27.39;16.04;8.47;34.71;3.37;4.69;0.59;1.73;1.32;1.71;1RA
07 11 25;09 50;35030329;A;1022;28.91;16.13;8.91;31.64;4.09;4.88;0.64;1.80;1.38;1.79;2DA
11 11 25;12 12;35030339;A;1022;30.24;19.16;10.22;20.50;4.12;5.07;0.62;1.67;1.25;1.58;1RA
11 11 25;12 29;35030339;A;1022;32.72;19.46;11.94;19.12;4.28;5.08;0.63;1.82;1.33;1.68;2DA
11 11 25;15 20;35030355;A;1022;29.63;17.85;10.56;24.86;4.62;4.86;0.67;1.77;1.30;1.66;1RA
11 11 25;15 37;35030355;A;1022;32.95;16.96;10.38;21.54;3.93;4.43;0.60;2.03;1.54;1.94;2DA
12 11 25;06 21;35030365;A;1022;27.00;15.61;9.73;36.55;3.54;4.45;0.65;1.83;1.35;1.73;1RA
12 11 25;06 38;35030365;A;1022;27.74;16.01;9.47;35.36;3.55;4.66;0.66;1.80;1.34;1.73;2DA
12 11 25;10 17;35030361;A;1022;30.16;18.93;11.08;22.75;4.04;4.77;0.63;1.74;1.27;1.59;1RA
12 11 25;10 33;35030361;A;1022;29.15;18.45;10.87;22.76;3.91;4.75;0.61;1.72;1.26;1.58;2DA
12 11 25;14 36;35030373;A;1022;29.83;16.90;11.98;27.68;4.56;4.27;0.66;1.98;1.41;1.76;2DA
14 11 25;07 03;35030388;A;1022;31.60;18.75;11.48;21.67;4.17;5.48;0.58;1.78;1.30;1.69;1RA
14 11 25;07 18;35030388;A;1022;31.63;17.59;12.07;22.24;4.05;5.11;0.60;1.93;1.39;1.80;2DA
14 11 25;07 27;35030382;A;1022;31.55;17.63;12.01;22.14;4.05;5.15;0.60;1.91;1.38;1.79;2DA
14 11 25;08 51;35030383;A;1022;27.61;16.16;9.37;34.92;3.55;4.62;0.65;1.78;1.33;1.71;2DA
14 11 25;08 58;35030384;A;1022;29.66;19.61;11.09;19.41;3.93;5.04;0.47;1.65;1.20;1.51;2DA
14 11 25;10 25;35030394;A;1022;31.34;18.59;10.63;20.33;3.60;5.07;0.55;1.77;1.32;1.69;2DA
14 11 25;10 32;35030395;A;1022;30.42;18.20;10.56;21.40;3.75;4.99;0.56;1.77;1.31;1.67;2DA
14 11 25;13 14;35030396;A;1022;30.97;18.17;9.98;19.43;3.86;5.04;0.55;1.76;1.33;1.70;2DA
14 11 25;13 31;35030397;A;1022;33.16;18.44;10.22;20.10;3.79;5.25;0.60;1.83;1.40;1.80;2DA
17 11 25;01 08;35030398;A;1022;32.19;19.44;10.40;20.23;3.87;5.50;0.64;1.71;1.29;1.66;2DA
17 11 25;06 00;35030404;A;1022;31.25;19.90;11.24;17.89;3.82;5.52;0.53;1.67;1.23;1.57;1RA
17 11 25;06 17;35030404;A;1022;29.54;18.17;11.39;22.09;3.74;5.09;0.57;1.76;1.27;1.63;2DA
18 11 25;15 19;35030409;A;1022;30.22;19.59;10.81;23.77;4.01;5.15;0.61;1.66;1.22;1.54;1RA
18 11 25;15 35;35030409;A;1022;31.12;19.23;11.87;21.12;3.86;5.04;0.56;1.77;1.28;1.62;2DA
19 11 25;04 17;35030435;A;1022;27.02;17.43;11.65;28.45;3.66;3.87;0.60;1.82;1.27;1.55;1RA
19 11 25;04 34;35030435;A;1022;29.18;19.57;12.58;25.64;3.85;4.05;0.59;1.77;1.24;1.49;2DA
19 11 25;15 27;35030444;A;1022;28.61;16.01;10.70;30.00;4.34;4.44;0.66;1.92;1.40;1.79;2DA
19 11 25;15 43;35030445;A;1022;29.45;17.09;10.91;28.77;4.10;4.52;0.64;1.87;1.36;1.72;2DA
19 11 25;15 50;35030446;A;1022;29.33;17.58;10.81;26.48;4.31;4.68;0.67;1.80;1.32;1.67;2DA
19 11 25;15 58;35030447;A;1022;29.11;17.81;11.62;26.26;4.15;4.58;0.62;1.82;1.30;1.63;2DA
21 11 25;06 59;35030460;A;1022;30.00;19.27;10.61;23.55;4.00;5.05;0.55;1.67;1.23;1.56;2DA
21 11 25;07 15;35030461;A;1022;29.13;17.87;11.46;26.40;4.16;4.59;0.61;1.81;1.30;1.63;2DA
21 11 25;07 22;35030462;A;1022;29.38;17.44;10.71;26.45;4.27;4.64;0.67;1.82;1.33;1.68;2DA
26 11 25;03 36;35030509;A;1022;31.61;17.55;11.22;23.22;4.35;4.83;0.65;1.91;1.41;1.80;2DA
26 11 25;11 19;35030469;A;1022;31.23;19.59;11.17;17.68;3.78;5.36;0.52;1.70;1.25;1.59;1RA
26 11 25;11 26;35030469;A;1022;29.63;18.23;11.21;21.95;3.72;5.06;0.55;1.75;1.27;1.63;2DA
01 12 25;15 15;35030533;A;1022;29.97;17.54;10.58;25.72;4.02;5.06;0.61;1.79;1.33;1.71;1RA
01 12 25;15 32;35030533;A;1022;33.94;17.93;11.82;18.97;4.09;4.98;0.58;2.00;1.48;1.89;2DA
03 12 25;15 18;35030578;A;1022;30.56;18.90;10.95;17.33;3.71;5.26;0.50;1.72;1.27;1.62;2DA
03 12 25;15 35;35030578;A;1022;29.20;17.82;10.98;21.74;3.66;4.95;0.55;1.76;1.28;1.64;2DA
08 12 25;04 39;35030614;A;1022;27.84;19.04;10.63;21.94;3.34;5.25;0.54;1.58;1.15;1.46;1RA
08 12 25;06 32;35030614;A;1022;19.46;11.21;7.80;16.63;2.19;4.18;0.31;1.77;1.27;1.74;2DA
12 12 25;09 56;35030664;A;1523;31.12;17.03;11.62;23.20;3.96;5.01;0.59;1.94;1.41;1.83;1RA
12 12 25;10 13;35030664;A;1523;31.60;17.26;11.95;23.17;3.89;5.09;0.61;1.95;1.41;1.83;2DA
12 12 25;10 34;35030695;A;1523;29.66;20.34;12.02;22.05;3.93;5.36;0.67;1.62;1.15;1.46;1RA
12 12 25;10 42;35030695;A;1523;29.60;18.77;12.69;22.05;3.82;4.91;0.67;1.79;1.25;1.58;2DA
15 12 25;05 01;35030724;A;1008;30.46;17.47;11.40;28.25;4.91;4.39;0.96;1.91;1.39;1.74;1RA
15 12 25;05 17;35030724;A;1008;30.34;16.80;11.84;28.32;4.84;4.05;0.97;2.02;1.45;1.81;2DA
16 12 25;05 11;35030730;A;1008;25.04;15.04;9.93;37.66;4.81;4.41;1.00;1.80;1.29;1.66;1RA
16 12 25;05 28;35030730;A;1008;28.39;15.86;10.84;31.42;4.65;4.29;0.93;1.95;1.41;1.79;2DA
22 12 25;09 08;35030764;A;1011;31.40;16.73;11.77;23.15;4.59;4.87;0.74;2.00;1.45;1.88;1RA
22 12 25;09 15;35030764;A;1011;32.60;16.11;12.31;22.40;4.28;4.44;0.69;2.19;1.59;2.02;2DA
22 12 25;09 22;35030792;A;1011;26.32;14.06;9.35;34.99;4.08;4.31;0.79;1.94;1.43;1.87;1RA
22 12 25;09 29;35030792;A;1011;31.71;16.32;10.95;22.27;4.30;4.45;0.67;2.05;1.53;1.94;2DA
22 12 25;09 37;35030798;A;1011;32.52;17.50;10.35;23.81;4.26;4.68;0.78;1.93;1.47;1.86;1RA
22 12 25;09 44;35030798;A;1011;34.13;17.69;10.63;21.65;4.21;4.42;0.73;2.02;1.54;1.93;2DA
22 12 25;09 51;35030820;A;1011;30.96;17.43;10.79;25.93;4.06;4.52;0.72;1.90;1.41;1.78;1RA
22 12 25;09 59;35030820;A;1011;34.05;17.29;12.04;20.35;3.87;4.35;0.64;2.13;1.57;1.97;2DA
16 01 26;15 20;35030969;A;1022;29.79;17.75;11.26;18.87;3.72;5.68;0.53;1.75;1.27;1.68;1RA
16 01 26;15 39;35030969;A;1022;29.60;16.62;13.10;20.41;3.92;5.31;0.52;1.95;1.35;1.78;2DA
19 01 26;04 28;35030986;A;1022;30.22;18.56;11.44;19.53;4.00;5.91;0.52;1.70;1.24;1.63;1RA
19 01 26;04 35;35030986;A;1022;29.80;17.56;12.15;20.54;3.89;5.31;0.49;1.83;1.30;1.70;2DA
21 01 26;05 33;35031031;A;1012;30.14;18.63;10.72;25.60;4.13;5.35;0.78;1.70;1.26;1.62;1RA
21 01 26;05 40;35031031;A;1012;31.03;17.43;11.35;25.27;4.10;5.06;0.74;1.88;1.38;1.78;2DA
23 01 26;05 11;35031089;A;1012;29.53;21.81;12.09;21.89;4.35;5.02;0.73;1.55;1.10;1.35;1RA
23 01 26;05 27;35031089;A;1012;29.43;18.05;13.21;22.81;4.56;4.92;0.83;1.86;1.28;1.63;2DA
23 01 26;10 00;35031091;A;1006;27.86;16.74;11.19;31.57;4.24;4.41;0.88;1.85;1.32;1.66;1RA
23 01 26;10 17;35031091;A;1006;27.52;16.33;11.36;33.09;4.14;4.25;0.83;1.89;1.34;1.68;2DA
23 01 26;10 24;35031108;A;1012;30.49;17.05;9.51;24.50;4.36;5.44;0.75;1.78;1.36;1.79;1RA
23 01 26;10 31;35031108;A;1012;30.46;16.45;9.50;25.19;4.21;5.24;0.68;1.84;1.40;1.85;2DA
28 01 26;04 02;35030909;A;1022;28.12;17.32;11.56;25.54;3.65;5.03;0.64;1.78;1.26;1.62;1RA
28 01 26;04 09;35030909;A;1022;29.38;17.68;12.66;24.61;3.61;4.75;0.60;1.87;1.31;1.66;2DA
28 01 26;04 16;35031123;A;1523;32.25;19.79;10.77;22.39;3.92;5.27;0.68;1.72;1.29;1.63;1RA
28 01 26;04 24;35031123;A;1523;33.21;20.01;10.26;20.08;3.90;5.21;0.57;1.72;1.32;1.66;2DA
28 01 26;04 31;35031161;A;1011 CAU;34.50;20.63;11.37;15.49;4.12;5.64;0.70;1.75;1.31;1.67;1RA
28 01 26;04 38;35031161;A;1011 CAU;33.72;18.96;11.14;14.67;3.89;5.23;0.63;1.85;1.39;1.78;2DA
28 01 26;08 30;35031139;A;1011 CAU;34.73;20.33;11.30;15.49;4.06;5.49;0.66;1.78;1.35;1.71;1RA
28 01 26;08 47;35031139;A;1011 CAU;33.67;18.90;10.74;14.67;3.89;5.28;0.66;1.84;1.39;1.78;2DA
29 01 26;15 15;35031180;A;1011 CAU;28.22;17.32;10.45;27.92;3.75;5.07;0.76;1.73;1.26;1.63;1RA
29 01 26;15 31;35031180;A;1011 CAU;28.37;17.13;11.60;28.51;3.88;4.82;0.78;1.82;1.29;1.66;2DA
30 01 26;10 49;35031206;A;1011 CAU;31.29;18.47;12.82;19.69;4.00;5.29;0.76;1.86;1.32;1.69;1RA
30 01 26;11 06;35031206;A;1011 CAU;31.17;18.20;13.12;20.06;3.92;5.10;0.76;1.90;1.34;1.71;2DA
30 01 26;11 13;35031209;A;1011 CAU;28.57;18.96;11.65;24.90;3.92;4.97;0.75;1.68;1.19;1.51;1RA
30 01 26;11 20;35031209;A;1011 CAU;28.41;18.02;12.09;25.54;3.88;4.89;0.76;1.77;1.24;1.58;2DA
02 02 26;06 30;35031233;A;1011 CAU;31.62;18.10;11.45;24.00;4.09;4.76;0.78;1.88;1.38;1.75;1RA
02 02 26;06 47;35031233;A;1011 CAU;32.02;18.16;11.40;23.46;4.02;4.63;0.72;1.90;1.40;1.76;2DA
04 02 26;05 39;35031278;A;1011 CAU;32.30;19.59;11.34;21.13;3.98;5.28;0.75;1.75;1.30;1.65;1RA
04 02 26;05 56;35031278;A;1011 CAU;30.51;19.29;13.80;21.17;4.15;4.73;0.71;1.85;1.27;1.58;2DA
05 02 26;09 04;35031255;A;1018 CAU;29.76;18.97;12.58;21.16;4.17;4.95;0.73;1.77;1.24;1.57;1RA
05 02 26;09 11;35031255;A;1018 CAU;29.66;18.16;13.96;18.14;4.23;4.60;0.74;1.92;1.30;1.63;2DA
05 02 26;09 18;35031258;A;1018 CAU;28.57;18.41;11.87;26.46;4.00;4.86;0.82;1.74;1.23;1.55;1RA
05 02 26;09 26;35031258;A;1018 CAU;29.72;18.44;13.02;23.40;3.90;4.52;0.70;1.86;1.29;1.61;2DA
06 02 26;11 54;35031307;A;1018 CAU;27.70;16.30;10.62;28.23;3.82;4.77;0.70;1.82;1.31;1.70;2DA
06 02 26;12 10;35031309;A;1018 CAU;26.34;15.56;10.89;33.68;3.72;4.70;0.81;1.84;1.30;1.69;2DA
09 02 26;15 06;35031315;A;1018 CAU;29.80;19.38;12.41;21.75;3.96;4.89;0.69;1.74;1.23;1.54;1RA
09 02 26;15 22;35031315;A;1018 CAU;30.21;19.47;13.51;19.04;3.89;4.54;0.57;1.82;1.26;1.55;2DA
18 02 26;05 18;35031421;A;1026;25.88;18.17;10.87;30.95;3.73;5.47;0.66;1.55;1.09;1.42;1RA
18 02 26;05 35;35031421;A;1026;26.19;18.45;11.14;29.34;3.80;5.51;0.64;1.56;1.09;1.42;2DA
24 02 26;06 00;35031325;B;1012 CAU;29.58;18.00;12.89;22.05;4.19;4.17;0.75;1.92;1.33;1.64;2DA
24 02 26;06 07;35031373;B;1026 CAU;27.05;15.70;11.91;24.13;3.46;3.86;0.53;1.99;1.38;1.72;2DA
24 02 26;06 15;35031390;B;1006 CAU;27.78;13.38;8.91;31.75;4.04;3.71;0.83;2.15;1.62;2.08;2DA
24 02 26;06 22;35031410;B;1026 CAU;27.37;18.82;11.32;22.99;3.76;5.61;0.57;1.58;1.12;1.45;2DA
25 02 26;10 58;35031480;A;1022;23.61;17.69;9.76;36.61;3.25;4.73;0.60;1.49;1.05;1.33;1RA
25 02 26;11 14;35031480;A;1022;24.93;17.41;10.21;32.75;3.55;5.04;0.61;1.57;1.11;1.43;2DA
02 03 26;13 23;35031537;B;1022;25.15;15.77;10.21;34.27;3.66;4.41;0.63;1.75;1.25;1.59;1RA
02 03 26;13 40;35031537;B;1022;27.65;17.31;11.17;25.67;3.86;4.51;0.55;1.78;1.27;1.60;2DA
11 03 26;00 10;35031530;B;1022;25.61;15.24;9.39;29.47;4.69;4.60;0.58;1.76;1.29;1.68;1RA
11 03 26;00 17;35031530;B;1022;29.23;17.56;11.66;22.51;4.80;4.54;0.52;1.85;1.32;1.66;2DA
11 03 26;00 25;35031579;B;1022;25.15;15.33;9.64;31.26;3.32;4.36;0.59;1.77;1.28;1.64;1RA
11 03 26;00 32;35031579;B;1022;27.11;17.19;10.79;27.81;3.39;4.62;0.59;1.74;1.24;1.58;2DA
11 03 26;00 39;35031624;B;1015;28.72;20.09;13.22;22.08;4.22;4.73;0.49;1.69;1.16;1.43;2DA
11 03 26;00 46;35031625;B;1015;28.31;19.17;13.57;20.91;4.31;4.62;0.56;1.76;1.19;1.48;2DA
11 03 26;00 53;35031626;B;1015;26.94;16.51;13.04;23.64;4.75;4.46;0.57;1.91;1.29;1.63;2DA
11 03 26;01 01;35031627;B;1015;28.19;18.07;11.78;24.53;4.18;4.37;0.57;1.78;1.26;1.56;2DA
11 03 26;01 08;35031628;B;1015;30.35;17.15;12.28;24.19;3.89;4.32;0.61;1.99;1.41;1.77;2DA
26 03 26;01 34;35031688;B;1523;27.48;17.53;12.37;27.06;3.88;4.77;0.60;1.79;1.23;1.57;1RA
26 03 26;01 41;35031688;B;1523;28.12;17.56;13.57;23.22;3.96;4.34;0.54;1.90;1.28;1.60;2DA
26 03 26;01 48;35031662;B;1022;25.55;16.17;11.98;31.63;4.22;4.41;0.67;1.82;1.24;1.58;2DA
26 03 26;01 55;35031761;B;1523;28.85;18.28;12.86;21.79;3.96;5.35;0.47;1.76;1.22;1.58;2DA
26 03 26;02 03;35031765;B;1523;29.13;19.44;13.42;19.00;4.28;5.24;0.51;1.72;1.18;1.50;1RA
26 03 26;02 10;35031765;B;1523;28.15;17.58;13.37;20.47;3.97;4.55;0.53;1.88;1.27;1.60;2DA
26 03 26;02 17;35031799;B;1011;28.47;16.82;12.65;25.36;3.84;4.68;0.61;1.91;1.32;1.69;2DA
26 03 26;02 24;35031802;B;1011;26.24;16.24;12.07;29.80;3.78;4.78;0.59;1.82;1.25;1.62;2DA
06 04 26;05 51;35031859;B;1022;30.31;18.97;13.79;18.13;4.17;4.72;0.43;1.86;1.28;1.60;2DA
14 04 26;10 38;35031882;B;1022;30.45;17.34;9.69;24.96;4.72;5.02;0.62;1.79;1.36;1.76;1RA
14 04 26;10 45;35031882;B;1022;33.22;19.36;10.69;21.52;4.79;5.24;0.61;1.78;1.35;1.72;2DA
14 04 26;10 52;35031890;B;1022;29.38;16.79;10.53;30.05;4.00;4.85;0.65;1.84;1.36;1.75;2DA
14 04 26;10 59;35031907;B;1022;29.89;20.75;11.08;20.48;4.39;5.92;0.46;1.54;1.12;1.44;1RA
14 04 26;11 07;35031907;B;1022;30.25;21.04;11.67;19.63;4.43;5.88;0.45;1.56;1.12;1.44;2DA
15 04 26;05 16;35031920;A;1523;26.88;18.56;10.11;26.62;4.20;5.51;0.56;1.54;1.12;1.45;1RA
15 04 26;05 32;35031920;A;1523;28.74;19.67;10.78;21.07;4.43;5.52;0.50;1.57;1.14;1.46;2DA
15 04 26;09 04;35031925;B;1523;27.57;19.24;9.98;25.01;4.45;5.97;0.59;1.49;1.09;1.43;1RA
15 04 26;09 20;35031925;B;1523;27.14;18.86;10.53;26.17;4.36;5.65;0.54;1.54;1.11;1.44;2DA
28 04 26;14 23;35032074;B;1022;26.40;16.09;11.51;28.61;3.79;4.25;0.58;1.86;1.30;1.64;2DA
29 04 26;10 56;35032081;B;1022;24.88;21.42;10.81;26.68;3.31;5.26;0.49;1.34;0.93;1.16;1RA
29 04 26;11 13;35032081;B;1022;25.17;20.69;11.88;26.68;3.43;4.90;0.46;1.45;0.98;1.22;2DA
29 04 26;11 20;35032087;B;1022;28.19;17.72;13.97;22.84;3.81;4.36;0.55;1.91;1.28;1.59;1RA
29 04 26;11 27;35032087;B;1022;27.64;16.02;15.53;22.54;3.60;3.68;0.52;2.19;1.40;1.73;2DA
29 04 26;11 34;35032088;B;1022;27.48;16.53;15.21;24.50;3.78;3.81;0.52;2.10;1.35;1.66;2DA
29 04 26;11 42;35032089;B;1022;28.44;18.10;15.18;21.47;3.57;3.97;0.52;1.98;1.29;1.57;2DA
29 04 26;15 04;35032090;B;1022;27.90;18.81;14.28;16.90;4.03;4.76;0.42;1.79;1.18;1.48;2DA
29 04 26;15 20;35032091;B;1022;25.85;19.78;13.86;22.75;4.05;5.22;0.49;1.59;1.03;1.31;2DA
29 04 26;15 27;35032092;B;1022;26.22;19.46;13.43;23.06;4.10;5.35;0.51;1.60;1.06;1.35;2DA
29 04 26;15 35;35032093;B;1022;26.15;17.71;13.06;26.69;3.85;4.60;0.58;1.76;1.17;1.48;2DA
04 05 26;04 04;35032127;B;1022;29.93;16.78;13.42;21.10;4.36;4.54;0.54;2.03;1.40;1.78;1RA
04 05 26;04 20;35032127;B;1022;29.76;16.02;13.29;19.55;4.22;4.31;0.50;2.12;1.46;1.86;2DA
11 05 26;15 44;35032199;B;1022;25.00;14.76;10.60;29.16;3.94;4.02;0.61;1.90;1.33;1.69;1RA
11 05 26;15 51;35032199;B;1022;26.11;14.63;11.75;26.41;4.07;3.99;0.60;2.03;1.40;1.78;2DA
11 05 26;15 58;35032209;B;1022;27.04;17.04;12.79;26.17;4.29;4.86;0.62;1.82;1.23;1.59;2DA
