date;time;heat_id;sample;shift;steel_grade;CaO;SiO2;MgO;FeO;MnO;Al2O3;P2O5;BC;BT;BB
13 01 23;21 46;35020030;E;B;1022;47.37;28.15;7.82;1.93;2.37;2.18;0.04;1.82;1.56;1.68
13 01 23;22 03;35020030;S;B;1022;54.25;26.85;7.86;0.81;0.42;2.34;0.02;2.13;1.86;2.02
13 01 23;22 10;35020017;E;A;1022;47.53;25.51;11.20;1.66;2.82;2.45;0.04;2.10;1.70;1.86
13 01 23;22 18;35020017;S;A;1022;49.42;27.71;10.52;1.11;0.95;2.46;0.03;1.99;1.64;1.78
13 01 23;22 25;35020038;E;C;1022;45.69;28.38;7.87;1.77;3.99;2.16;0.04;1.75;1.50;1.61
13 01 23;22 32;35020038;S;C;1022;49.66;26.48;6.12;1.08;0.61;1.76;0.02;1.97;1.76;1.88
13 01 23;22 39;35020053;E;A;1022;42.88;26.36;6.94;2.63;4.77;1.99;0.05;1.76;1.51;1.63
13 01 23;22 47;35020053;S;A;1022;50.88;29.30;6.95;0.94;1.06;1.85;0.02;1.86;1.63;1.74
21 01 23;13 58;35020083;E;A;1022;49.05;23.87;8.27;2.01;2.91;1.95;0.04;2.22;1.90;2.06
21 01 23;14 05;35020083;S;A;1022;51.40;26.78;7.71;1.25;0.88;1.99;0.02;2.05;1.79;1.92
21 01 23;14 13;35020135;E;A;1011;46.44;25.44;12.04;3.02;4.70;2.18;0.10;2.12;1.68;1.83
21 01 23;14 20;35020135;S;A;1011;52.49;28.10;6.98;0.71;0.65;2.16;0.01;1.97;1.73;1.87
21 01 23;14 27;35020018;E;A;1011;43.59;22.09;5.00;3.55;4.55;1.65;0.08;2.05;1.84;1.97
21 01 23;14 34;35020018;S;A;1011;45.43;25.94;6.45;1.24;1.06;1.82;0.02;1.87;1.64;1.75
26 01 23;16 15;3500;E;B;1022;31.76;16.27;10.54;23.73;3.95;5.41;0.55;1.95;1.47;1.95
26 01 23;16 35;3500;E;B;1022;30.13;16.50;10.28;23.21;3.94;5.48;0.49;1.84;1.37;1.83
26 01 23;16 55;35020110;E;B;1022;31.76;16.31;10.44;23.74;3.93;5.41;0.56;1.94;1.46;1.95
30 01 23;19 37;35020225;E;C;1523;58.85;15.49;8.19;2.19;3.04;1.55;0.04;3.93;3.45;3.80
30 01 23;19 45;35020225;D;C;1523;53.62;28.34;7.98;1.00;0.62;2.22;0.01;2.02;1.75;1.89
30 01 23;19 52;35020204;D;C;1523;52.47;25.60;8.49;1.23;0.94;2.51;0.02;2.17;1.87;2.05
31 01 23;16 44;35020186;E;C;1008;0.34;0.00;0.63;0.04;0.04;0.03;0.00;-0.60;-0.21;-0.21
31 01 23;18 01;35020186;S;C;1008;47.12;24.93;8.39;1.37;1.81;2.50;0.05;2.02;1.72;1.89
31 01 23;18 08;35020191;E;B;1008;45.16;25.06;12.03;3.65;4.62;1.82;0.06;2.13;1.68;1.80
31 01 23;18 16;35020191;S;B;1008;53.02;28.17;10.28;0.88;1.18;2.15;0.02;2.09;1.75;1.88
31 01 23;18 23;35020289;E;B;1011;41.52;25.05;11.08;5.14;7.71;1.82;0.09;1.96;1.55;1.66
31 01 23;18 30;35020289;S;B;1011;44.86;29.58;9.97;2.11;2.33;2.00;0.02;1.74;1.42;1.52
31 01 23;18 37;35020210;S;B;1523;52.37;25.42;8.34;1.30;0.93;2.51;0.03;2.17;1.88;2.06
31 01 23;18 45;35020204;E;C;1523;46.64;27.83;9.07;1.63;3.48;2.68;0.02;1.83;1.53;1.68
01 02 23;10 34;35020186;E;C;1008;39.49;21.92;8.20;9.17;8.51;2.63;0.35;1.94;1.61;1.80
02 02 23;17 01;35020210;E;B;1523;45.96;26.77;8.88;1.79;3.44;2.61;0.04;1.87;1.56;1.72
02 02 23;17 11;35020307;E;A;1022;46.77;24.50;11.71;2.02;5.35;1.61;0.03;2.24;1.79;1.91
02 02 23;17 19;35020307;D;A;1022;49.22;29.11;9.23;2.80;3.06;1.81;0.03;1.89;1.59;1.69
02 02 23;17 26;35020332;E;C;1022;45.93;22.77;10.91;3.35;6.06;2.32;0.05;2.27;1.83;2.02
02 02 23;17 37;35020332;D;C;1022;52.13;28.03;9.58;1.40;1.67;2.49;0.02;2.02;1.71;1.86
02 02 23;20 20;35020341;E;B;1022;45.51;22.54;10.86;3.40;6.02;2.36;0.05;2.26;1.83;2.02
02 02 23;20 32;35020341;S;B;1022;48.82;28.57;9.16;2.92;3.04;1.96;0.04;1.90;1.60;1.71
07 02 23;23 49;35018436;E;A;1015;29.06;18.26;10.94;18.76;3.67;5.29;0.47;1.70;1.23;1.59
08 02 23;00 05;35018436;S;A;1015;41.00;26.61;10.75;3.80;6.17;2.19;0.08;1.80;1.42;1.54
08 02 23;00 20;35018437;E;A;1015;41.77;29.33;11.18;1.50;2.42;2.25;0.02;1.68;1.32;1.42
08 02 23;00 28;35018437;S;A;1015;40.76;28.78;10.53;1.89;3.62;2.72;0.03;1.63;1.29;1.42
08 02 23;00 44;35018631;E;B;1022;44.05;28.96;11.87;0.73;1.07;2.85;0.01;1.76;1.38;1.52
08 02 23;00 55;35018631;S;B;1022;28.81;13.55;8.54;33.72;4.03;3.35;0.65;2.21;1.70;2.13
10 02 23;10 27;35018634;S;B;1022;27.96;15.18;9.07;21.01;3.85;4.58;0.49;1.87;1.41;1.84
10 02 23;10 43;35018577;E;C;1022;29.30;16.49;10.23;21.72;4.01;5.15;0.54;1.83;1.35;1.78
10 02 23;12 48;35020505;E;B;1523;43.62;24.16;8.42;2.98;3.54;2.70;0.06;1.94;1.62;1.81
10 02 23;12 55;35020505;S;B;1523;45.92;27.97;7.72;1.41;1.36;2.16;0.03;1.78;1.52;1.64
24 02 23;16 51;35020603;E;A;1022;36.70;29.07;9.25;8.60;12.23;2.44;0.18;1.46;1.16;1.26
24 02 23;17 08;35020603;S;A;1022;40.61;35.92;12.83;1.83;2.76;3.15;0.02;1.37;1.04;1.13
24 02 23;17 15;35020670;E;A;1016;44.32;31.24;10.38;2.34;6.90;3.37;0.05;1.58;1.28;1.42
24 02 23;17 23;35020670;E;A;1016;44.09;30.89;10.28;2.34;6.88;3.26;0.05;1.59;1.29;1.43
24 02 23;17 30;35020670;S;A;1016;51.32;32.77;11.04;1.67;1.08;2.96;0.02;1.75;1.44;1.57
24 02 23;17 42;35020571;E;C;1015;53.14;24.42;11.80;3.24;3.85;2.49;0.06;2.41;1.98;2.18
24 02 23;17 49;35020571;S;C;1015;47.67;34.45;9.91;1.53;1.12;3.20;0.01;1.53;1.27;1.38
01 03 23;12 00;35020528;E;;1011;44.38;30.19;8.63;2.11;3.88;2.68;0.03;1.61;1.35;1.47
01 03 23;12 17;35020528;S;;1011;46.19;33.75;10.86;1.39;1.34;3.21;0.01;1.54;1.25;1.37
01 03 23;12 24;35020714;E;;1022;42.28;27.45;10.96;3.37;5.75;4.88;0.10;1.65;1.31;1.54
01 03 23;12 31;35020714;S;;1022;51.44;24.99;8.29;0.51;0.27;6.91;0.01;1.87;1.61;2.06
01 03 23;12 40;35020528;E;;1011;43.38;29.06;9.34;2.07;4.03;2.74;0.03;1.66;1.36;1.49
01 03 23;12 47;35020528;S;;1011;46.14;32.57;11.57;1.41;1.40;3.30;0.01;1.61;1.29;1.42
01 03 23;12 54;35020714;E;;1022;41.55;27.43;12.71;3.21;5.97;4.85;0.10;1.68;1.29;1.51
01 03 23;13 02;35020714;S;;1022;54.01;24.63;9.33;0.63;0.35;6.91;0.01;2.01;1.71;2.19
02 03 23;08 59;35020723;E;A;1022;45.12;31.20;8.92;1.73;4.44;2.20;0.02;1.62;1.35;1.45
02 03 23;09 15;35020723;S;A;1022;46.59;31.59;8.89;1.49;2.56;1.88;0.02;1.66;1.39;1.47
02 03 23;09 23;35020737;E;B;1022;43.87;29.92;11.42;2.19;3.06;2.85;0.03;1.69;1.34;1.47
02 03 23;09 30;35020737;S;B;1022;48.21;33.33;9.82;1.63;1.96;3.08;0.02;1.59;1.32;1.45
02 03 23;09 37;35020755;E;B;1022;42.27;27.39;10.98;3.40;5.70;4.84;0.09;1.65;1.31;1.54
02 03 23;09 45;35020755;S;;1022;51.42;25.20;8.40;0.58;0.30;6.87;0.02;1.87;1.60;2.04
02 03 23;09 54;35020723;E;A;1022;44.02;30.23;9.60;1.73;4.78;2.27;0.02;1.65;1.35;1.46
02 03 23;10 01;35020723;S;A;1022;45.73;30.47;9.48;1.51;2.70;1.96;0.01;1.70;1.41;1.50
02 03 23;10 08;35020737;E;B;1022;42.73;29.30;12.83;2.15;3.07;2.96;0.03;1.72;1.32;1.46
02 03 23;10 16;35020737;S;B;1022;48.63;31.78;10.49;1.69;2.11;3.20;0.02;1.69;1.39;1.53
02 03 23;10 23;35020755;E;B;1022;41.31;27.42;12.59;3.24;5.94;4.77;0.10;1.67;1.28;1.51
02 03 23;10 30;35020755;S;;1022;53.88;24.89;9.46;0.73;0.38;6.79;0.01;2.00;1.70;2.16
03 03 23;08 58;35020763;E;A;1022;48.50;28.53;10.26;1.19;2.41;2.29;0.02;1.91;1.57;1.70
03 03 23;09 06;35020763;S;A;1022;49.35;31.70;9.86;1.34;0.90;2.20;0.02;1.75;1.46;1.56
03 03 23;09 14;35020763;S2;A;1022;47.50;30.62;8.97;1.78;1.11;1.83;0.02;1.74;1.46;1.55
03 03 23;09 21;35020769;E;C;1022;44.98;27.89;8.80;4.13;5.97;2.40;0.06;1.78;1.48;1.61
03 03 23;09 30;35020769;S;C;1022;48.85;29.90;9.28;1.05;0.75;2.44;0.02;1.80;1.51;1.63
03 03 23;15 17;35020763;E;A;1022;48.03;27.54;11.86;1.19;2.41;2.18;0.02;2.01;1.62;1.74
03 03 23;15 25;35020763;S;A;1022;48.91;29.46;11.12;1.33;0.90;2.02;0.02;1.91;1.55;1.66
03 03 23;15 33;35020763;S2;A;1022;46.69;29.33;10.05;1.83;1.10;1.72;0.02;1.83;1.50;1.59
03 03 23;15 41;35020769;E;C;1022;44.13;28.11;10.93;4.54;6.01;2.40;0.07;1.80;1.45;1.57
03 03 23;15 50;35020769;S;C;1022;48.45;28.44;10.43;1.03;0.77;2.33;0.02;1.91;1.57;1.70
03 03 23;15 59;35020763;E;A;1022;48.06;27.56;11.44;1.27;2.59;2.39;0.02;1.99;1.60;1.74
03 03 23;16 07;35020763;S;A;1022;49.24;30.16;10.79;1.42;0.98;2.32;0.02;1.85;1.52;1.63
03 03 23;16 14;35020763;S2;A;1022;46.58;29.47;9.69;1.80;1.15;1.91;0.02;1.79;1.48;1.58
03 03 23;16 22;35020769;E;C;1022;44.10;27.26;10.10;4.00;6.34;2.45;0.07;1.82;1.48;1.62
03 03 23;16 30;35020769;S;C;1022;48.44;28.55;10.00;1.16;0.84;2.54;0.02;1.88;1.56;1.70
06 03 23;09 13;35020780;E;B;1022;40.58;26.94;12.65;3.45;4.21;3.05;0.05;1.78;1.35;1.51
06 03 23;09 20;35020780;S;B;1022;42.53;24.54;7.29;1.17;1.09;1.92;0.01;1.88;1.61;1.73
06 03 23;09 27;35020784;E;A;1022;40.28;26.91;12.65;3.47;4.22;3.04;0.05;1.77;1.35;1.50
06 03 23;09 35;35020784;S;A;1022;46.70;27.19;9.14;1.63;1.58;2.13;0.02;1.90;1.59;1.72
06 03 23;16 10;35020784;S;A;1022;50.98;31.30;11.56;1.77;1.68;2.32;0.02;1.86;1.52;1.63
06 03 23;16 27;35020780;E;B;1022;43.74;30.70;14.88;2.52;4.33;3.48;0.05;1.71;1.28;1.42
06 03 23;16 34;35020784;E;A;1022;46.64;29.21;13.56;2.36;4.14;2.77;0.04;1.88;1.46;1.60
06 03 23;16 43;35020780;S;B;1022;50.12;31.56;11.91;1.24;1.17;2.60;0.02;1.82;1.47;1.59
06 03 23;17 09;35020780;E;B;1022;43.74;30.14;13.87;2.27;4.54;3.65;0.04;1.70;1.29;1.45
06 03 23;17 16;35020780;S;B;1022;50.28;33.56;11.36;1.36;1.30;3.03;0.01;1.68;1.37;1.50
06 03 23;17 23;35020784;E;A;1022;46.56;29.11;12.77;2.26;4.48;2.98;0.03;1.85;1.45;1.60
06 03 23;17 31;35020784;S;A;1022;51.42;33.45;10.90;1.93;1.84;2.76;0.02;1.72;1.42;1.54
09 03 23;16 52;35020723;E;B;1022;43.05;32.76;11.96;1.94;4.92;2.34;0.03;1.57;1.23;1.31
09 03 23;17 09;35020723;S;B;1022;48.38;31.86;11.47;1.36;1.15;1.90;0.01;1.77;1.43;1.52
09 03 23;17 16;35020755;E;A;1022;42.61;32.11;12.92;1.82;3.94;3.08;0.04;1.58;1.21;1.33
09 03 23;17 23;35020755;S;A;1022;46.75;31.01;13.25;2.07;1.22;2.39;0.02;1.80;1.40;1.51
09 03 23;17 31;35020723;E;B;1022;43.00;32.98;11.50;1.79;5.25;2.52;0.03;1.53;1.21;1.30
09 03 23;17 38;35020723;S;B;1022;48.55;33.58;10.85;1.46;1.24;2.21;0.01;1.66;1.36;1.45
09 03 23;17 45;35020755;E;A;1022;42.52;31.95;12.46;1.68;4.09;3.23;0.04;1.56;1.21;1.33
09 03 23;17 52;35020755;S;A;1022;46.76;31.64;12.39;2.01;1.26;2.68;0.01;1.72;1.36;1.48
14 03 23;15 56;35020841;E;C;1015;41.35;31.75;12.18;4.57;7.06;2.72;0.07;1.55;1.20;1.30
14 03 23;16 03;35020841;S;;105;46.24;31.66;12.59;0.92;1.53;2.56;0.01;1.72;1.35;1.46
14 03 23;16 33;35020832;S;A;1015;47.80;31.11;14.17;0.83;1.09;2.24;0.01;1.86;1.43;1.54
14 03 23;16 41;35020832;E;A;1015;42.87;29.12;11.88;2.70;5.12;2.15;0.03;1.75;1.37;1.47
15 03 23;12 18;35020849;E;A;1015;44.28;31.32;13.12;2.15;4.74;2.02;0.03;1.72;1.33;1.41
15 03 23;12 25;35020849;S;A;1015;46.52;31.84;12.90;1.07;0.84;2.27;0.02;1.74;1.36;1.46
16 03 23;08 41;35020829;E;B;1015;41.96;30.48;13.02;3.18;4.42;2.49;0.03;1.67;1.27;1.38
16 03 23;08 49;35020829;S;B;1015;48.53;30.97;11.18;0.63;1.15;2.37;0.02;1.79;1.46;1.57
16 03 23;08 56;35020855;E;C;1015;42.55;31.38;11.41;2.14;4.31;3.88;0.03;1.53;1.21;1.36
16 03 23;09 03;35020855;S;C;1015;44.59;30.70;12.66;1.39;1.21;3.83;0.01;1.66;1.29;1.45
16 03 23;09 10;35020863;E;B;1011;41.12;29.35;13.21;3.67;5.67;2.42;0.06;1.71;1.29;1.40
16 03 23;09 18;35020863;S;B;1011;44.32;29.93;12.25;1.10;2.24;2.43;0.01;1.75;1.37;1.48
17 03 23;08 40;35020873;E;C;1011;42.04;30.52;12.23;4.39;5.93;2.36;0.08;1.65;1.28;1.38
17 03 23;08 48;35020873;S;C;1011;44.21;31.73;12.77;1.01;1.32;2.33;0.02;1.67;1.30;1.39
17 03 23;17 09;35020883;E;A;1011;41.01;31.14;11.68;2.17;4.70;3.11;0.04;1.54;1.20;1.32
17 03 23;17 16;35020883;S;A;1011;45.15;29.98;12.86;1.29;1.15;3.40;0.01;1.74;1.35;1.51
17 03 23;17 23;35020894;E;C;1011;39.06;30.36;11.19;5.27;6.20;2.26;0.07;1.54;1.20;1.29
17 03 23;17 30;35020894;S;C;1011;43.78;31.91;12.46;1.38;1.48;2.50;0.02;1.63;1.27;1.37
21 03 23;17 00;35020923;E;C;1008;41.66;31.54;15.33;4.55;5.09;2.45;0.05;1.68;1.23;1.32
22 03 23;09 37;35020923;S;C;1008;45.64;31.38;15.27;0.83;0.66;2.61;0.01;1.79;1.34;1.45
22 03 23;09 54;35020937;E;A;1008;43.41;31.46;14.75;2.98;3.63;2.07;0.04;1.73;1.29;1.38
22 03 23;11 15;35020937;S;A;1008;50.09;30.91;12.96;0.63;1.03;2.07;0.01;1.91;1.52;1.62
23 03 23;17 01;35020964;E;C;1008;46.09;29.25;14.50;3.60;3.04;2.21;0.06;1.93;1.46;1.58
27 03 23;15 43;35020964;S;C;1008;46.21;31.83;14.68;0.75;0.65;2.66;0.01;1.77;1.34;1.45
27 03 23;16 29;35020927;E;B;1008;39.44;30.98;14.79;6.87;7.55;1.60;0.07;1.66;1.21;1.27
27 03 23;16 36;35020927;S;B;1008;44.20;31.35;16.09;1.23;1.25;1.86;0.02;1.82;1.33;1.41
27 03 23;16 44;35020997;E;A;1523;44.47;28.66;10.82;1.42;3.78;2.38;0.02;1.78;1.43;1.55
27 03 23;16 51;35020997;S;A;1523;48.79;31.80;10.27;1.14;1.11;2.15;0.01;1.74;1.44;1.53
30 03 23;01 05;35021029;E;A;1008;41.24;26.71;11.51;4.85;5.18;2.08;0.09;1.83;1.43;1.54
30 03 23;01 13;35021029;S;A;1008;48.45;27.81;11.77;0.99;0.62;1.91;0.01;2.03;1.63;1.74
30 03 23;01 20;35021056;E;C;1011;38.86;25.77;11.09;6.74;7.08;4.36;0.11;1.66;1.29;1.51
30 03 23;01 27;35021056;S;C;1011;43.36;27.19;12.87;2.05;2.11;4.85;0.03;1.76;1.35;1.60
30 03 23;03 34;35021043;E;C;1008;44.25;26.40;11.98;4.02;3.48;2.25;0.11;1.96;1.54;1.68
30 03 23;03 41;35021043;S;C;1008;47.38;26.80;10.04;1.38;0.78;1.54;0.02;2.03;1.67;1.77
30 03 23;08 27;35021043;E;C;1008;44.18;26.40;11.95;3.99;3.48;2.24;0.12;1.96;1.54;1.67
30 03 23;08 44;35021043;S;C;1008;47.21;26.72;10.06;1.41;0.79;1.56;0.03;2.02;1.67;1.77
31 03 23;00 54;35021069;E;C;1011;44.06;26.99;13.98;2.88;4.00;3.30;0.08;1.92;1.45;1.63
31 03 23;01 11;35021069;S;C;1011;46.85;30.54;10.61;1.35;1.61;2.78;0.03;1.72;1.41;1.53
03 04 23;16 39;35021149;E;C;1011;42.64;27.85;16.45;5.71;6.23;2.52;0.15;1.95;1.40;1.53
03 04 23;16 47;35021149;S;C;1011;49.86;29.88;12.68;1.92;1.84;1.71;0.03;1.98;1.58;1.67
03 04 23;17 19;35021150;S;C;1016;47.28;29.49;15.25;1.10;1.53;2.31;0.01;1.97;1.49;1.60
08 04 23;12 04;35021173;E;A;1016;39.95;29.02;14.84;6.39;5.20;2.19;0.12;1.76;1.28;1.38
08 04 23;12 11;35021173;S;A;1016;48.00;25.67;11.50;0.61;0.66;1.54;0.01;2.19;1.76;1.87
10 04 23;12 05;35021173;S;A;1016;47.86;25.69;11.33;0.62;0.66;1.52;0.02;2.18;1.76;1.86
10 04 23;16 22;35021173;S;A;1016;52.85;30.26;12.18;1.18;0.75;1.51;0.02;2.05;1.66;1.75
11 04 23;09 45;35021262;E;C;1016;49.87;28.92;12.76;0.65;0.60;2.08;0.01;2.02;1.61;1.72
11 04 23;10 01;35021262;S;C;1016;47.15;27.86;9.93;0.89;0.46;1.60;0.01;1.94;1.60;1.69
12 04 23;08 13;35021273;E;C;1022;41.22;28.93;11.11;2.78;4.67;2.08;0.04;1.69;1.33;1.42
12 04 23;08 30;35021273;S;C;1022;50.94;30.80;10.42;1.30;1.17;1.69;0.01;1.89;1.57;1.65
12 04 23;09 24;35021278;E;B;1022;41.33;28.74;11.11;2.74;4.68;2.08;0.04;1.70;1.34;1.44
12 04 23;10 30;35021278;S;B;1022;49.60;29.85;9.56;1.31;1.14;1.63;0.02;1.88;1.58;1.66
13 04 23;09 57;35021286;S;C;1022;40.25;25.68;14.18;0.83;1.32;2.29;0.02;1.95;1.44;1.57
13 04 23;10 19;35021305;E;B;1022;35.63;25.53;12.08;4.22;6.28;2.03;0.07;1.73;1.29;1.40
13 04 23;10 26;35021305;S;B;1022;39.87;25.13;13.65;0.73;1.20;2.13;0.02;1.96;1.46;1.59
13 04 23;11 28;35021305;S;B;1022;39.44;24.51;13.72;0.75;1.19;2.17;0.03;1.99;1.48;1.61
13 04 23;14 39;35021305;E;B;1022;41.66;29.13;11.76;3.96;6.35;1.87;0.06;1.72;1.34;1.43
13 04 23;15 00;35021286;E;C;1022;42.54;30.00;12.32;3.85;6.34;1.86;0.06;1.72;1.34;1.42
13 04 23;15 07;35021286;S;C;1022;45.92;28.09;13.29;0.77;1.34;1.92;0.02;1.97;1.53;1.63
13 04 23;15 29;35021305;S;B;1022;46.57;28.30;13.78;0.78;1.26;1.96;0.02;1.99;1.54;1.65
14 04 23;00 42;35021320;E;C;1022;56.07;26.55;12.61;0.36;0.40;4.92;0.02;2.18;1.78;2.11
14 04 23;00 58;35021320;S;C;1022;55.12;26.77;13.33;0.24;0.27;4.74;0.02;2.17;1.75;2.06
14 04 23;01 20;35021324;E;B;1022;57.14;26.96;13.12;0.37;0.40;4.99;0.02;2.20;1.79;2.12
14 04 23;01 27;35021324;S;B;1022;55.09;26.67;13.26;0.26;0.27;4.72;0.01;2.18;1.76;2.07
17 04 23;16 04;35021349;E;B;1022;46.55;30.60;17.21;0.78;0.81;2.42;0.01;1.93;1.41;1.52
17 04 23;16 41;35021349;S;B;1022;51.05;29.01;13.16;1.40;0.97;2.60;0.02;2.03;1.61;1.76
17 04 23;16 55;35021313;E;A;1022;52.59;25.44;15.77;2.72;2.41;2.21;0.05;2.47;1.90;2.07
19 04 23;11 36;35021400;E;B;1022;47.63;26.84;17.44;1.60;2.03;2.16;0.03;2.24;1.64;1.77
19 04 23;11 43;35021400;S;B;1022;49.02;25.81;19.54;3.68;1.98;2.20;0.05;2.45;1.75;1.90
20 04 23;14 15;35021421;E;B;1022;46.51;30.39;15.92;0.98;1.11;2.50;0.02;1.90;1.41;1.53
21 04 23;17 01;35021438;E;C;1022;48.74;30.16;12.88;1.07;1.16;2.72;0.02;1.87;1.48;1.62
21 04 23;17 09;35021438;S;C;1022;48.34;29.60;14.32;0.49;0.62;2.92;0.01;1.93;1.49;1.63
24 04 23;17 30;35021372;E;B;1022;55.49;25.10;14.20;1.66;1.07;1.89;0.03;2.58;2.06;2.21
24 04 23;17 38;35021372;S;B;1022;53.52;28.87;12.08;1.75;0.84;1.92;0.02;2.13;1.74;1.85
24 04 23;17 45;35021434;E;A;1022;44.07;29.36;15.54;2.96;5.32;2.92;0.07;1.85;1.37;1.50
24 04 23;17 52;35021434;S;A;1022;46.62;29.18;14.81;0.63;2.02;3.29;0.02;1.89;1.44;1.60
24 04 23;18 00;35021482;E;C;1029;53.66;32.27;13.29;2.62;1.20;1.51;0.02;1.98;1.59;1.66
24 04 23;18 07;35021482;S;C;1029;51.32;30.03;10.73;0.52;0.88;2.19;0.02;1.93;1.59;1.71
25 04 23;11 14;35021485;E;A;1022;46.40;30.01;11.53;1.87;3.79;2.58;0.03;1.78;1.42;1.55
25 04 23;11 21;35021485;S;A;1022;52.50;31.01;9.55;1.26;1.65;1.97;0.02;1.88;1.59;1.69
25 04 23;16 55;35021489;S;C;1022;51.22;30.12;9.93;0.72;0.86;4.47;0.02;1.77;1.48;1.70
27 04 23;13 12;35021496;E;B;1022;51.76;28.65;9.83;2.64;2.54;3.02;0.06;1.94;1.63;1.81
27 04 23;13 29;35021496;S;B;1022;48.13;29.96;13.02;1.39;1.25;2.57;0.02;1.88;1.48;1.61
28 04 23;14 58;35021356;E;C;1022;54.03;24.33;10.45;1.55;1.01;1.76;0.02;2.47;2.07;2.22
28 04 23;15 15;35021356;S;C;1022;53.66;26.86;14.30;1.82;0.80;2.29;0.02;2.33;1.84;2.00
28 04 23;15 39;35021368;E;A;1030;56.98;24.91;11.00;0.75;0.89;2.83;0.03;2.45;2.05;2.29
28 04 23;15 56;35021368;S;A;1030;56.35;25.82;9.77;0.43;0.34;2.76;0.01;2.31;1.97;2.18
28 04 23;17 04;35021421;S;B;1022;49.81;30.21;13.33;0.70;0.58;2.26;0.01;1.94;1.53;1.65
03 05 23;17 04;35021574;E;A;1524;49.90;27.33;10.18;0.67;2.31;1.82;0.01;2.06;1.71;1.83
04 05 23;11 27;35021590;E;B;1022;48.23;25.99;15.31;2.18;4.41;1.78;0.04;2.29;1.74;1.86
04 05 23;12 30;35021590;S;B;1022;50.89;31.01;9.93;1.53;1.95;1.88;0.02;1.85;1.55;1.64
04 05 23;12 38;35021581;E;C;1030;48.19;29.62;11.04;1.22;2.00;2.40;0.03;1.85;1.51;1.63
04 05 23;12 45;35021581;S;C;1030;55.39;29.22;10.34;0.76;0.42;2.56;0.01;2.07;1.74;1.90
04 05 23;16 17;35021564;E;B;1524;49.05;27.40;11.82;2.01;3.24;1.85;0.04;2.08;1.68;1.79
04 05 23;16 33;35021564;S;B;1524;50.75;28.37;10.28;0.36;0.51;1.82;0.01;2.02;1.68;1.79
04 05 23;16 41;35021574;S;A;1524;50.53;28.61;10.28;0.36;0.88;1.90;0.01;1.99;1.66;1.77
04 05 23;16 48;35021554;E;C;1524;49.50;29.16;10.52;1.37;1.17;1.55;0.01;1.95;1.61;1.70
04 05 23;16 55;35021554;S;C;1524;46.73;29.93;11.68;3.02;1.24;2.00;0.03;1.83;1.46;1.56
05 05 23;11 51;35021605;E;B;1022;45.77;30.69;11.16;3.03;5.17;2.15;0.05;1.73;1.39;1.49
05 05 23;11 58;35021605;S;B;1022;46.29;31.53;11.69;0.92;1.20;2.41;0.01;1.71;1.36;1.47
10 05 23;10 15;35021671;E;A;1523;44.01;27.84;14.20;1.66;3.21;4.22;0.04;1.82;1.37;1.58
10 05 23;10 22;35021671;S;A;1523;50.51;30.19;10.70;0.46;1.15;3.83;0.02;1.80;1.48;1.67
10 05 23;12 39;35021651;E;A;1524;46.12;30.43;10.20;1.53;3.38;2.41;0.02;1.71;1.40;1.52
10 05 23;12 47;35021651;S;A;1524;50.78;31.20;9.23;1.28;1.17;1.67;0.02;1.83;1.54;1.63
10 05 23;16 42;35021664;E;B;1523;49.81;28.45;14.15;1.23;1.16;4.02;0.03;1.97;1.53;1.75
10 05 23;16 58;35021664;S;B;1523;48.42;28.55;14.71;1.78;0.78;3.92;0.02;1.94;1.49;1.70
11 05 23;13 56;35021689;E;B;1011;47.04;24.75;11.56;4.60;4.94;2.52;0.10;2.15;1.72;1.90
11 05 23;14 03;35021689;S;B;1011;48.44;28.59;11.08;2.08;2.75;2.34;0.04;1.92;1.57;1.69
12 05 23;16 32;35021601;E;C;1022;45.10;28.70;11.30;3.31;4.23;2.55;0.06;1.81;1.44;1.57
12 05 23;16 39;35021601;S;C;1022;50.64;30.36;9.97;0.48;0.62;1.93;0.01;1.88;1.57;1.67
12 05 23;16 47;35021643;E;B;1524;46.57;31.13;12.26;0.86;0.74;3.61;0.01;1.69;1.34;1.50
12 05 23;16 54;35021643;S;B;1524;46.72;31.60;13.28;1.42;0.71;3.87;0.03;1.69;1.32;1.48
15 05 23;11 14;35021713;E;C;1523;46.17;27.95;11.20;2.19;5.24;2.05;0.04;1.91;1.54;1.65
15 05 23;11 31;35021713;S;C;1523;46.89;30.46;13.97;0.87;1.16;2.17;0.01;1.87;1.44;1.54
15 05 23;11 38;35021737;E;A;1008;45.56;29.08;14.11;2.61;4.11;2.12;0.04;1.91;1.46;1.57
15 05 23;11 46;35021737;S;A;1008;51.00;30.96;12.56;1.99;0.80;1.89;0.02;1.93;1.55;1.65
17 05 23;09 56;35021749;E;C;1008;43.82;29.89;13.19;2.33;3.22;1.90;0.04;1.79;1.38;1.47
17 05 23;10 12;35021749;S;C;1008;47.09;29.64;14.31;2.12;1.01;1.86;0.02;1.95;1.50;1.59
25 05 23;16 19;35021778;E;C;1523;40.11;31.10;14.99;2.70;4.39;2.33;0.07;1.65;1.20;1.29
25 05 23;16 26;35021778;S;C;1523;44.62;29.27;18.76;1.03;0.99;2.18;0.03;2.01;1.42;1.52
25 05 23;16 34;35021798;E;A;1523;45.56;30.27;9.83;2.17;3.85;2.82;0.04;1.67;1.38;1.51
25 05 23;16 41;35021798;S;A;1523;52.80;28.76;10.02;2.22;1.27;2.61;0.03;2.00;1.68;1.84
25 05 23;16 48;35021894;E;C;1022;44.48;29.78;12.71;2.76;4.28;3.48;0.06;1.72;1.34;1.49
25 05 23;16 55;35021894;S;C;1022;50.83;29.07;11.47;0.87;0.78;2.80;0.01;1.95;1.59;1.75
31 05 23;12 30;35021999;E;B;1022;52.35;26.00;12.07;1.49;2.52;2.63;0.03;2.25;1.83;2.01
31 05 23;12 38;35021999;S;B;1022;53.70;29.69;10.62;1.58;1.32;2.42;0.03;2.00;1.67;1.81
31 05 23;12 45;35022004;E;A;1022;43.90;31.26;11.32;2.05;4.24;3.42;0.04;1.59;1.27;1.40
31 05 23;12 52;35022004;S;A;1022;52.36;30.48;10.32;1.60;1.10;2.50;0.02;1.90;1.59;1.72
01 06 23;16 39;35022018;E;B;1022;45.18;27.12;15.22;3.02;5.06;3.47;0.08;1.97;1.48;1.67
01 06 23;16 55;35022018;S;B;1022;50.19;30.58;10.22;0.56;1.56;2.69;0.02;1.82;1.51;1.64
02 06 23;14 57;35022061;E;B;1523;47.39;28.50;12.84;1.93;2.87;2.68;0.06;1.93;1.52;1.66
02 06 23;15 04;35022061;S;B;1523;48.00;29.91;12.76;0.31;0.93;2.74;0.02;1.86;1.47;1.60
02 06 23;15 51;35022036;E;C;1022;44.22;30.29;11.88;2.68;4.75;3.55;0.06;1.66;1.31;1.46
02 06 23;15 58;35022036;S;C;1022;51.04;30.53;11.22;0.75;1.02;2.82;0.01;1.87;1.53;1.67
05 06 23;15 18;35022092;E;A;1011;41.31;32.14;10.93;4.04;7.01;2.52;0.04;1.51;1.19;1.29
05 06 23;15 26;35022092;S;A;1011;45.61;31.28;13.62;1.82;1.18;2.42;0.02;1.76;1.35;1.46
09 06 23;20 38;35022171;1;B;1011;0.10;0.00;0.63;0.04;0.03;0.03;0.00;-0.47;-0.07;-0.07
09 06 23;20 59;35022171;2;B;1011;49.38;31.10;9.33;0.89;2.32;2.39;0.02;1.75;1.47;1.59
09 06 23;21 07;35022171;3;B;1011;0.10;0.00;0.63;0.04;0.03;0.03;0.00;-0.47;-0.07;-0.07
09 06 23;22 13;35022172;1;B;1011;43.44;30.55;10.03;1.99;4.71;2.51;0.03;1.62;1.31;1.42
09 06 23;22 21;35022172;2;B;1011;0.10;0.00;0.63;0.04;0.03;0.03;0.00;-0.47;-0.07;-0.07
10 06 23;07 10;35021936;E;C;1022;51.01;29.09;11.04;2.38;2.32;3.04;0.03;1.93;1.59;1.75
10 06 23;07 27;35021936;S;C;1022;52.14;31.79;11.47;0.64;0.85;3.09;0.01;1.82;1.50;1.64
12 06 23;12 10;35022171;E Ortega;B;1011;43.14;31.69;9.84;2.40;5.11;2.34;0.04;1.56;1.27;1.36
12 06 23;12 26;35022171;S Ortega;B;1011;49.15;30.14;9.62;0.75;2.14;2.11;0.01;1.82;1.52;1.63
12 06 23;12 33;35022171;3 Ortega;B;1011;47.62;30.34;10.54;1.15;1.39;2.25;0.02;1.78;1.46;1.57
12 06 23;12 41;35022172;1 Ortega;B;1011;43.42;30.90;10.35;2.17;4.54;2.39;0.03;1.62;1.30;1.41
12 06 23;12 48;35022172;2 Ortega;B;1011;46.51;28.81;10.33;1.44;2.45;2.30;0.02;1.83;1.49;1.61
15 06 23;14 30;35022237;E;C;1008;51.07;31.26;10.40;1.51;0.89;1.44;0.02;1.88;1.56;1.63
16 06 23;14 53;35022237;S;C;1008;51.69;31.04;12.02;1.13;0.88;1.56;0.01;1.95;1.59;1.67
16 06 23;15 10;35022311;E;C;1029;48.65;27.22;9.75;1.44;3.71;2.73;0.04;1.95;1.62;1.79
16 06 23;15 17;35022311;S;C;1029;53.31;29.57;9.20;0.43;0.52;2.76;0.01;1.93;1.65;1.80
21 06 23;11 57;35022368;S;A;1022;53.84;30.43;9.53;0.93;0.96;1.81;0.01;1.97;1.67;1.77
21 06 23;12 14;35022373;E;C;1022;49.61;27.22;10.54;1.80;3.59;3.11;0.05;1.98;1.64;1.82
21 06 23;12 21;35022373;S;C;1022;54.57;28.56;11.06;1.29;0.80;2.45;0.02;2.12;1.76;1.91
21 06 23;15 08;35022350;E;C;1022;45.53;26.85;12.22;2.34;5.04;2.83;0.07;1.95;1.53;1.70
21 06 23;15 24;35022350;S;C;1022;52.30;30.28;10.11;1.70;1.75;1.94;0.03;1.94;1.62;1.73
21 06 23;15 47;35022368;E;A;1022;48.14;27.02;9.59;1.47;4.72;1.82;0.02;2.00;1.67;1.78
21 06 23;16 41;35022345;E;A;1022;51.16;26.19;10.09;1.94;3.82;2.00;0.03;2.17;1.81;1.95
21 06 23;16 49;35022345;S;A;1022;54.44;29.67;9.52;0.84;0.75;1.89;0.01;2.03;1.73;1.83
26 06 23;09 58;35022390;E;A;1022;45.09;27.80;7.80;1.69;4.65;2.74;0.05;1.73;1.48;1.62
26 06 23;10 05;35022390;S;A;1022;52.41;27.56;12.27;1.78;0.98;2.79;0.02;2.13;1.73;1.90
26 06 23;10 35;35022332;E;C;1011;41.83;28.60;10.25;8.06;8.60;2.64;0.12;1.67;1.34;1.46
26 06 23;10 47;35022332;S;C;1011;47.73;28.69;9.54;1.67;1.77;1.99;0.02;1.87;1.56;1.66
26 06 23;10 54;35022395;E;C;1022;50.84;23.96;11.50;3.10;3.42;2.79;0.07;2.33;1.90;2.12
26 06 23;11 54;35022395;S;C;1022;51.51;28.73;11.02;1.14;1.19;3.29;0.02;1.95;1.61;1.79
26 06 23;12 05;35022231;E;A;1008;41.96;28.24;13.05;3.28;4.54;1.62;0.04;1.84;1.40;1.49
26 06 23;12 38;35022231;S1;A;1008;50.24;29.19;11.10;0.51;0.85;1.89;0.01;1.97;1.62;1.72
26 06 23;12 51;35022231;S2;A;1008;49.05;29.30;11.52;0.66;1.07;1.93;0.01;1.94;1.57;1.67
26 06 23;14 07;35022390;E;A;1022;45.21;27.69;7.90;1.77;4.39;2.72;0.05;1.75;1.49;1.63
26 06 23;14 14;35022390;S;A;1022;52.44;27.56;12.25;1.79;0.92;2.79;0.02;2.13;1.73;1.90
26 06 23;14 22;35022332;E;C;1011;41.59;28.59;10.13;8.10;8.20;2.66;0.11;1.65;1.33;1.45
26 06 23;14 29;35022332;S;C;1011;47.86;28.61;9.52;1.70;1.66;2.00;0.02;1.87;1.56;1.67
26 06 23;14 36;35022395;E;C;1022;50.98;23.86;11.22;3.10;3.25;2.73;0.06;2.34;1.92;2.14
26 06 23;14 44;35022395;S;C;1022;51.56;28.52;10.80;1.18;1.16;3.28;0.03;1.96;1.62;1.81
26 06 23;14 51;35022231;E;A;1008;42.28;28.28;12.88;3.30;4.35;1.63;0.04;1.84;1.41;1.50
26 06 23;14 58;35022231;S1;A;1008;50.65;29.39;11.09;0.49;0.79;1.91;0.01;1.97;1.62;1.72
26 06 23;15 06;35022231;S2;A;1008;49.21;29.40;11.43;0.65;1.04;1.94;0.01;1.94;1.57;1.67
07 07 23;15 00;35022549;E;C;1022;53.91;27.47;11.63;1.79;1.73;1.84;0.05;2.24;1.84;1.96
07 07 23;15 07;35022549;S;C;1022;49.89;28.35;12.02;1.21;0.97;1.65;0.03;2.06;1.66;1.76
07 07 23;15 14;35022584;E;C;1022;50.74;24.70;10.46;1.34;1.55;2.81;0.05;2.22;1.84;2.05
07 07 23;15 22;35022584;S;C;1022;49.85;29.35;10.74;0.73;0.63;2.12;0.03;1.93;1.58;1.70
20 07 23;15 26;35022653;E;C;1523;43.60;29.77;14.74;2.40;4.77;1.78;0.06;1.85;1.38;1.46
20 07 23;15 33;35022653;S;C;1523;43.59;30.80;14.71;3.63;1.03;2.44;0.08;1.75;1.31;1.41
21 07 23;12 17;35022606;D;C;1016;44.31;29.41;10.64;1.07;0.85;1.86;0.03;1.76;1.42;1.51
22 07 23;11 13;35022771;E;C;1022;45.48;28.66;11.25;2.60;4.18;2.09;0.07;1.85;1.48;1.59
22 07 23;11 29;35022771;S;C;1022;52.51;29.45;9.62;0.40;0.60;1.82;0.02;1.99;1.68;1.78
25 07 23;16 49;35022825;E;C;1022;46.00;28.59;12.73;2.17;3.38;2.05;0.07;1.92;1.50;1.61
25 07 23;17 05;35022825;S;C;1022;47.58;29.87;12.86;0.92;0.79;1.72;0.03;1.91;1.51;1.59
05 08 23;01 21;35022813;E;C;1016;41.79;29.61;10.98;3.35;5.90;2.01;0.07;1.67;1.32;1.41
05 08 23;01 38;35022813;S;C;1016;50.82;30.07;10.81;0.76;1.22;1.55;0.03;1.95;1.61;1.69
05 08 23;01 45;35022850;E;C;1022;43.20;30.24;12.17;2.39;4.58;3.64;0.06;1.63;1.28;1.43
05 08 23;01 53;35022850;S;C;1022;51.38;27.81;10.53;0.59;0.74;3.02;0.03;2.01;1.67;1.85
06 09 23;07 58;35023224;E;A;1011;41.11;28.32;10.85;2.89;6.16;2.11;0.07;1.71;1.35;1.45
08 09 23;16 56;35023224;E;A;1011;41.28;28.08;10.50;3.02;6.24;2.37;0.07;1.70;1.36;1.47
08 09 23;17 03;35023224;S;A;1011;50.72;30.68;9.94;1.13;1.44;2.00;0.03;1.86;1.55;1.65
08 09 23;17 11;35023166;E;A;1022;41.97;28.60;10.40;1.51;5.19;2.28;0.04;1.70;1.36;1.47
08 09 23;17 18;35023166;S;A;1022;51.57;30.07;11.08;0.72;1.31;2.54;0.03;1.92;1.58;1.72
08 09 23;17 25;35023047;E;A;1523;42.58;27.96;10.55;1.54;4.20;2.84;0.05;1.73;1.38;1.52
08 09 23;17 33;35023047;S;A;1523;49.64;30.51;10.39;0.98;2.36;2.91;0.03;1.80;1.49;1.63
08 09 23;17 40;35023022;E;A;1523;41.88;29.52;9.77;1.72;5.41;2.94;0.05;1.59;1.29;1.42
08 09 23;17 47;35023022;S;A;1523;48.37;30.63;10.44;0.78;1.21;3.40;0.03;1.73;1.42;1.58
06 10 23;17 13;35023753;E;A;1011;43.30;28.40;13.44;3.29;6.04;3.18;0.09;1.80;1.37;1.52
06 10 23;17 30;35023753;S;A;1011;46.22;30.14;17.60;0.60;0.82;3.33;0.02;1.91;1.38;1.53
06 10 23;19 04;35023660;E;A;1022;45.36;31.53;11.83;0.92;2.09;2.85;0.03;1.66;1.32;1.44
06 10 23;19 11;35023660;S;A;1022;50.38;31.54;10.60;0.79;0.64;2.90;0.02;1.77;1.46;1.60
06 10 23;19 19;35023667;S;A;1022;46.81;27.03;11.60;0.58;1.09;7.84;0.02;1.68;1.34;1.73
09 10 23;13 09;35023528;E;A;1022;55.99;31.98;10.40;0.43;0.72;2.30;0.01;1.94;1.63;1.75
09 10 23;13 26;35023528;S;A;1022;53.21;31.84;9.82;0.60;0.64;2.16;0.02;1.85;1.56;1.67
09 10 23;13 33;35023568;E;C;1022;44.94;28.27;11.81;1.43;3.49;2.74;0.04;1.83;1.45;1.59
09 10 23;13 40;35023568;S;C;1022;51.68;30.97;11.33;0.98;1.21;2.83;0.02;1.86;1.53;1.67
09 10 23;13 47;35023687;E;C;1022;43.65;24.38;17.77;1.43;3.29;5.42;0.04;2.06;1.47;1.79
09 10 23;13 55;35023687;S;C;1022;45.08;24.93;14.19;0.64;0.61;6.95;0.02;1.86;1.41;1.81
09 10 23;14 02;35023775;E;A;1011;41.56;27.56;18.54;1.96;3.56;2.68;0.05;1.99;1.37;1.51
09 10 23;14 09;35023775;S;A;1011;47.23;30.71;15.55;1.30;1.08;2.07;0.02;1.91;1.44;1.54
09 10 23;14 17;35023787;E;C;1011;40.34;27.55;20.23;2.34;4.31;2.39;0.05;2.02;1.35;1.46
09 10 23;14 24;35023787;S;C;1011;44.49;29.85;18.06;1.00;0.98;2.27;0.03;1.95;1.39;1.49
20 10 23;12 39;35023805;E;A;1016;43.88;30.24;13.52;1.49;5.55;2.09;0.04;1.78;1.36;1.45
20 10 23;12 55;35023805;S;A;1016;49.05;31.76;12.06;0.45;0.97;2.38;0.02;1.79;1.44;1.54
20 10 23;13 03;35023826;E;A;1022;46.55;29.62;11.11;1.18;3.27;2.81;0.03;1.78;1.44;1.57
20 10 23;13 10;35023826;S;A;1022;53.90;32.23;9.83;0.77;0.88;2.74;0.02;1.82;1.54;1.67
24 10 23;01 32;35023830;E;C;1022;44.75;26.96;10.64;1.42;4.32;2.17;0.03;1.90;1.54;1.66
24 10 23;01 49;35023830;S;C;1022;50.92;31.09;8.98;0.96;0.95;1.95;0.02;1.81;1.54;1.64
24 10 23;01 56;35023715;E;C;1022;41.21;27.60;16.31;1.53;2.76;2.34;0.04;1.92;1.38;1.49
24 10 23;02 03;35023715;S;C;1022;46.36;28.82;13.65;0.60;0.90;2.13;0.02;1.94;1.50;1.61
24 10 23;02 11;35023740;E;C;1022;44.88;27.15;11.72;1.30;3.47;2.12;0.04;1.93;1.53;1.65
24 10 23;02 18;35023740;S;C;1022;52.78;30.98;9.54;0.93;0.94;1.88;0.03;1.90;1.61;1.70
24 10 23;02 25;35023856;E;C;1011;40.39;25.05;14.59;2.28;4.42;2.07;0.05;2.03;1.49;1.61
24 10 23;02 33;35023856;S;C;1011;45.77;27.68;14.36;0.98;1.63;2.13;0.02;2.02;1.54;1.65
24 10 23;02 40;35023761;E;C;1011;41.49;21.20;19.27;2.83;3.61;1.84;0.07;2.64;1.80;1.96
24 10 23;02 47;35023761;S;C;1011;43.78;26.62;14.92;1.43;1.47;1.96;0.03;2.05;1.53;1.64
07 11 23;15 30;35023997;E;A;1523;45.98;26.12;13.92;1.47;3.35;2.47;0.05;2.09;1.61;1.76
07 11 23;15 37;35023997;S;A;1523;48.40;30.59;10.78;0.52;0.84;2.74;0.02;1.78;1.45;1.58
07 11 23;15 45;35024021;E;A;1022;44.92;27.97;10.73;1.74;3.45;3.28;0.06;1.78;1.44;1.61
07 11 23;15 52;35024021;S;A;1022;49.84;29.91;9.86;0.94;1.22;3.38;0.03;1.79;1.50;1.67
07 11 23;15 59;35024032;E;A;1022;41.41;24.97;14.51;2.52;4.92;3.41;0.07;1.97;1.46;1.66
07 11 23;16 06;35024032;S;A;1022;44.20;28.32;13.64;0.56;0.90;3.84;0.02;1.80;1.37;1.56
07 11 23;16 14;35024080;E;A;1022;40.59;28.85;13.60;1.40;4.28;2.45;0.04;1.73;1.30;1.41
07 11 23;16 21;35024080;S;A;1022;50.49;32.59;12.56;0.83;1.10;2.28;0.02;1.81;1.45;1.55
14 11 23;17 28;35024189;S;C;1022;45.65;29.38;12.67;0.87;1.11;3.76;0.02;1.76;1.38;1.55
14 11 23;17 45;35024189;E;C;1022;42.37;28.51;11.51;2.35;5.74;3.58;0.07;1.68;1.32;1.49
14 11 23;19 40;35023937;S;A;1022;47.86;29.71;12.05;0.78;0.79;4.35;0.02;1.76;1.41;1.61
14 11 23;19 49;35023937;E;A;1022;43.87;28.32;11.83;1.66;3.41;3.91;0.04;1.73;1.36;1.55
14 11 23;19 58;35023913;S;A;1022;44.33;28.81;9.99;0.43;0.81;2.89;0.02;1.71;1.40;1.54
14 11 23;20 38;35023913;E;A;1022;44.97;28.62;11.15;1.26;3.34;3.23;0.04;1.76;1.41;1.57
14 11 23;20 46;35023963;S;A;1011;42.06;27.00;11.52;1.14;1.66;2.33;0.03;1.83;1.43;1.56
14 11 23;22 26;35023963;E;A;1011;41.94;27.25;12.93;2.35;5.02;2.50;0.05;1.84;1.41;1.54
07 12 23;14 41;35024342;E;A;1022;45.35;29.01;12.58;0.88;1.11;3.48;0.03;1.78;1.40;1.56
04 01 24;01 55;35024781;S;C;1011;45.72;29.85;9.76;0.93;1.56;2.13;0.03;1.73;1.43;1.53
04 01 24;02 11;35024781;E;C;1011;42.00;29.55;10.13;3.08;6.04;2.43;0.08;1.63;1.31;1.42
04 01 24;02 19;35024752;S;C;1022;48.90;31.61;9.63;0.95;1.63;2.51;0.02;1.72;1.43;1.55
04 01 24;02 26;35024752;E;C;1022;41.36;29.23;11.15;3.18;5.73;2.91;0.08;1.63;1.29;1.42
04 01 24;02 33;35024731;S;C;1022;53.29;31.86;10.49;0.71;0.97;2.28;0.02;1.87;1.56;1.67
04 01 24;02 40;35024731;E;C;1022;44.52;29.18;11.15;2.13;4.77;2.61;0.07;1.75;1.40;1.53
04 01 24;02 48;35024755;S;A;1022;41.31;30.47;10.94;1.82;4.53;2.77;0.05;1.57;1.24;1.36
04 01 24;02 55;35024755;E;A;1022;49.14;31.02;9.82;0.97;0.85;2.58;0.02;1.75;1.46;1.58
04 01 24;04 54;35024831;S;A;1008;51.40;32.88;9.78;1.63;1.18;1.84;0.03;1.76;1.48;1.56
04 01 24;05 02;35024831;E;A;1008;40.79;28.40;13.98;3.63;5.57;2.20;0.09;1.79;1.33;1.44
04 01 24;05 09;35024819;S;C;1008;48.01;32.52;10.30;1.10;0.92;1.87;0.03;1.70;1.40;1.48
04 01 24;05 16;35024819;E;C;1008;40.77;29.77;12.23;3.16;5.67;1.99;0.07;1.67;1.28;1.37
04 01 24;05 23;35024695;S;C;1022;41.37;30.48;10.88;1.83;4.56;2.79;0.05;1.57;1.24;1.36
04 01 24;05 31;35024695;E;C;1022;49.16;31.06;9.88;0.98;0.88;2.59;0.02;1.75;1.46;1.58
04 01 24;10 29;35024831;E;A;1008;51.20;32.58;9.62;1.65;1.19;1.81;0.03;1.77;1.49;1.57
04 01 24;10 36;35024831;S;A;1008;40.93;28.35;13.92;3.65;5.59;2.17;0.10;1.80;1.34;1.44
04 01 24;10 43;35024819;E;C;1008;47.63;32.15;10.24;1.12;0.95;1.86;0.03;1.70;1.40;1.48
04 01 24;10 51;35024819;S;C;1008;40.63;29.58;12.22;3.18;5.64;1.98;0.06;1.67;1.29;1.37
04 01 24;10 58;35024755;E;A;1022;41.43;30.40;10.82;1.86;4.54;2.79;0.05;1.57;1.25;1.36
04 01 24;11 05;35024755;S;A;1022;49.28;31.08;9.85;0.97;0.88;2.58;0.02;1.76;1.46;1.59
04 01 24;13 07;35024731;E;C;1022;44.24;28.96;10.97;2.12;4.73;2.56;0.06;1.75;1.40;1.53
04 01 24;13 14;35024731;S;C;1022;53.24;31.75;10.52;0.71;0.97;2.27;0.03;1.87;1.56;1.68
05 01 24;05 24;35024848;E;A;1523;41.93;29.25;10.83;1.23;4.56;2.59;0.05;1.66;1.32;1.43
05 01 24;05 40;35024848;S;A;1523;50.43;32.75;9.30;0.72;1.30;2.41;0.02;1.70;1.43;1.54
05 01 24;05 47;35024627;E;C;1008;40.82;28.30;12.47;3.44;4.69;3.64;0.08;1.67;1.28;1.44
05 01 24;05 55;35024627;S;C;1008;46.03;28.42;12.72;1.37;1.13;4.35;0.02;1.79;1.40;1.62
05 01 24;06 02;35024529;S;C;1011;48.30;32.11;10.98;1.21;1.44;1.95;0.03;1.74;1.42;1.50
05 01 24;06 09;35024515;S;C;1011;49.30;32.40;9.83;1.13;1.03;1.85;0.02;1.73;1.44;1.52
16 01 24;18 08;35024696;E;A;1022;43.49;29.44;9.97;1.45;4.04;3.09;0.04;1.64;1.34;1.48
16 01 24;18 25;35024696;S;A;1022;54.48;33.04;8.64;0.58;0.77;2.84;0.02;1.76;1.52;1.65
16 01 24;19 12;35024922;S;C;1022;46.54;29.96;10.94;0.93;0.96;2.34;0.02;1.78;1.44;1.55
16 01 24;19 47;35024922;E;C;1022;43.59;29.47;12.02;2.38;4.35;2.54;0.05;1.74;1.36;1.48
17 01 24;17 31;35024979;S;A;1022;51.03;32.81;10.51;1.34;1.22;1.85;0.03;1.78;1.47;1.56
17 01 24;17 48;35024979;E;A;1022;41.23;30.12;12.94;1.57;5.21;2.13;0.06;1.68;1.28;1.37
27 03 24;15 57;35025633;E;C;3702;41.99;22.39;8.63;1.94;3.64;1.92;0.05;2.08;1.73;1.88
19 04 24;12 59;35025819;S;C;3702;48.71;29.81;11.57;0.41;0.59;2.59;0.01;1.86;1.50;1.63
19 04 24;13 06;35025819;E;C;3702;45.01;31.27;10.77;1.32;3.96;2.31;0.04;1.66;1.34;1.44
19 04 24;13 14;35025831;S;C;3702;53.35;33.01;7.42;0.64;1.09;2.14;0.02;1.73;1.52;1.62
19 04 24;13 21;35025831;E;C;3702;42.84;27.87;13.39;1.73;3.61;2.47;0.04;1.85;1.41;1.54
19 04 24;13 28;35025806;E;C;3702;42.96;28.10;13.60;1.74;3.63;2.51;0.04;1.85;1.40;1.53
20 04 24;10 59;35025801;S;A;3702;47.68;28.54;9.26;1.46;3.75;2.32;0.04;1.85;1.55;1.67
20 04 24;11 15;35025792;E;C;3702;42.51;29.42;10.43;2.02;5.86;2.83;0.05;1.64;1.32;1.45
20 04 24;11 23;35025792;S;C;3702;50.36;31.04;8.77;0.43;1.21;2.71;0.02;1.75;1.49;1.62
20 04 24;11 30;35025784;E;A;3702;43.30;29.44;10.37;1.65;3.55;3.22;0.06;1.64;1.33;1.47
20 04 24;11 37;35025784;S;A;3702;43.42;27.55;10.19;0.68;1.36;3.80;0.03;1.71;1.39;1.58
09 05 24;02 37;35025867;S;A;1022;46.28;29.86;11.07;1.50;1.07;1.68;0.03;1.82;1.47;1.55
09 05 24;02 44;35025867;E;A;1022;41.05;28.53;10.32;2.17;5.96;1.93;0.06;1.69;1.35;1.44
23 05 24;08 45;35025998;E;B;1011C;46.14;22.14;12.62;3.51;5.60;1.75;0.10;2.46;1.93;2.08
23 05 24;08 52;35025998;S;B;1011C;48.70;30.44;8.73;1.06;1.28;2.02;0.02;1.77;1.50;1.60
04 07 24;14 10;35026033;E;C;1012C;49.08;32.79;12.86;1.60;0.71;2.89;0.04;1.74;1.38;1.50
04 07 24;14 26;35026033;S;C;1012C;49.52;23.96;15.20;1.26;3.06;2.51;0.04;2.45;1.87;2.07
07 08 24;14 58;35026167;E;A;1022;45.45;31.60;10.69;1.78;1.14;2.04;0.07;1.67;1.35;1.44
07 08 24;15 06;35026167;S;A;1022;37.88;18.01;7.62;0.72;1.73;1.32;0.02;2.35;1.96;2.10
08 08 24;09 01;35026167;E;A;1022;45.33;31.64;10.70;1.80;1.15;2.09;0.07;1.66;1.34;1.43
16 08 24;11 15;35026239;S;A;1022;52.61;30.70;8.21;2.07;1.40;2.63;0.04;1.82;1.58;1.71
26 08 24;11 53;35026356;E;;1022;50.02;19.38;11.88;1.96;5.13;2.65;0.06;2.81;2.27;2.58
26 08 24;12 00;35026356;S;;1022;44.43;29.47;9.23;4.15;2.08;3.11;0.05;1.65;1.36;1.51
26 08 24;12 22;35026327;E;;1006;48.32;19.70;15.60;2.56;0.93;10.71;0.07;2.10;1.59;2.45
26 08 24;12 30;35026327;S;;1006;51.29;23.69;11.91;1.73;0.68;12.09;0.05;1.77;1.43;2.17
27 08 24;12 26;35026368;E;;1022;36.20;26.77;8.46;7.22;10.79;2.49;0.19;1.53;1.24;1.35
27 08 24;12 34;35026368;S;;1022;43.80;31.21;9.57;1.40;2.37;2.64;0.04;1.58;1.29;1.40
30 08 24;14 01;35026387;E;;1523;41.79;29.48;10.36;1.61;4.00;2.71;0.05;1.62;1.30;1.42
30 08 24;14 11;35026387;S;;1523;45.80;29.75;10.20;1.23;1.01;2.91;0.04;1.71;1.40;1.54
04 09 24;01 02;35026424;E;A;1022;34.08;25.35;9.59;7.51;8.25;3.48;0.24;1.51;1.18;1.34
04 09 24;01 15;35026424;S;A;1022;41.97;28.37;10.47;1.25;1.70;3.33;0.04;1.65;1.32;1.48
04 09 24;06 29;35026413;E;A;1022;47.59;27.66;8.41;2.64;1.19;2.45;0.05;1.86;1.58;1.72
04 09 24;06 58;35026413;S;A;1022;40.07;27.44;8.77;2.34;5.92;2.07;0.06;1.65;1.36;1.46
20 09 24;03 00;35026572;E;A;1008;39.05;26.79;14.23;3.69;4.50;2.20;0.09;1.84;1.35;1.46
20 09 24;03 09;35026572;S;A;1008;43.10;28.98;10.46;1.34;1.30;1.91;0.03;1.73;1.40;1.49
30 09 24;17 45;35026612;S;A;1022;48.19;32.03;8.71;1.04;2.17;2.15;0.03;1.66;1.41;1.50
30 09 24;17 54;35026612;E;A;1022;40.92;29.78;9.34;2.40;6.52;2.08;0.06;1.58;1.28;1.37
30 09 24;18 01;35026561;E;B;1022;43.22;28.22;11.61;2.62;4.81;3.73;0.08;1.72;1.35;1.53
30 09 24;18 08;35026561;S;B;1022;52.57;32.41;7.75;1.41;1.20;2.52;0.03;1.73;1.50;1.62
01 10 24;03 02;35026621;S;A;1022;46.29;31.20;8.99;0.55;1.74;2.44;0.02;1.64;1.38;1.48
01 10 24;05 49;35026617;E;A;1022;46.25;24.12;7.65;3.15;6.19;1.95;0.07;2.07;1.77;1.92
01 10 24;06 05;35026617;S;A;1022;45.65;30.14;8.74;0.71;1.84;2.33;0.03;1.68;1.41;1.51
01 10 24;06 27;35026642;E;A;1022;38.87;25.47;8.49;5.14;7.71;3.03;0.15;1.66;1.36;1.53
01 10 24;06 34;35026642;S;A;1022;45.69;29.18;9.13;1.11;2.51;3.42;0.04;1.68;1.40;1.57
08 10 24;11 42;35026665;E;C;1022;42.90;24.74;12.17;1.76;3.45;2.63;0.05;2.01;1.57;1.73
08 10 24;11 53;35026665;S;C;1022;50.52;30.55;7.46;1.45;0.96;2.61;0.03;1.75;1.52;1.65
09 10 24;12 50;35026654;S;C;1022;45.34;28.73;8.92;1.10;2.49;3.37;0.04;1.69;1.41;1.58
09 10 24;14 25;35026654;E;C;1022;38.78;25.40;8.42;5.14;7.67;2.96;0.15;1.66;1.37;1.53
09 10 24;14 32;35026654;S;C;1022;45.21;28.62;8.92;1.11;2.51;3.37;0.04;1.69;1.41;1.58
09 10 24;15 22;35026709;E;C;1022;45.27;28.53;7.46;1.51;1.01;1.61;0.02;1.75;1.50;1.59
09 10 24;15 30;35026709;S;C;1022;45.83;27.36;7.13;2.03;1.37;2.82;0.04;1.75;1.52;1.68
10 10 24;00 19;35026665;S;C;1022;50.88;30.51;7.59;1.47;0.98;2.62;0.03;1.76;1.54;1.67
10 10 24;00 35;35026654;E;C;1022;39.41;25.83;8.55;5.20;7.69;3.01;0.16;1.66;1.37;1.53
10 10 24;00 43;35026654;S;C;1022;45.99;28.98;9.17;1.13;2.48;3.41;0.04;1.70;1.42;1.59
10 10 24;01 04;35026709;E;C;1022;46.01;28.96;7.59;1.53;1.02;1.66;0.02;1.75;1.50;1.59
10 10 24;01 12;35026709;S;C;1022;46.66;27.76;7.33;2.03;1.36;2.90;0.04;1.76;1.52;1.68
19 11 24;17 09;35027022;E;A;1523;42.01;27.77;13.04;1.89;5.43;2.44;0.05;1.82;1.39;1.51
19 11 24;17 17;35027022;S;A;1523;49.67;31.89;8.82;0.53;1.35;2.62;0.02;1.69;1.44;1.56
20 11 24;09 20;35027038;E;B;1523;42.17;28.11;10.27;1.97;4.37;2.94;0.06;1.69;1.36;1.50
20 11 24;09 36;35027038;S;B;1523;49.81;31.18;8.56;0.71;0.76;2.37;0.03;1.74;1.48;1.60
20 11 24;12 08;35027087;E;A;1008;35.49;24.63;13.06;4.21;5.91;1.83;0.07;1.84;1.34;1.44
20 11 24;12 15;35027087;S;A;1008;45.21;31.07;12.03;2.07;3.10;1.72;0.03;1.75;1.38;1.45
21 11 24;12 58;35027120;E;A;1006;44.66;19.28;15.79;2.34;1.08;10.80;0.07;2.01;1.48;2.32
21 11 24;13 10;35027160;E;A;1022;46.48;23.15;10.55;2.20;3.68;2.58;0.06;2.22;1.81;2.01
21 11 24;13 17;35027160;S;A;1022;44.71;27.74;13.90;1.00;0.98;2.28;0.02;1.95;1.49;1.61
28 01 25;11 24;35027570;S;A;1022;48.43;30.07;9.38;2.25;1.72;2.07;0.00;1.80;1.51;1.61
29 01 25;12 03;35027570;E;A;1022;42.06;30.17;10.78;1.46;3.69;2.10;0.00;1.64;1.30;1.39
29 01 25;12 10;35027570;S;A;1022;48.69;30.16;9.38;2.27;1.70;2.10;0.00;1.80;1.51;1.61
30 01 25;11 17;35027602;E;A;1006;52.46;18.90;15.41;1.73;1.15;16.05;0.00;1.94;1.50;2.78
30 01 25;11 24;35027602;S;A;1006;55.71;18.19;13.76;1.00;0.35;15.60;0.81;2.06;1.65;3.06
30 01 25;11 33;35027611;E;A;1022;44.70;29.21;8.82;2.04;6.40;2.25;0.00;1.70;1.42;1.53
30 01 25;11 40;35027611;S;A;1022;47.11;31.77;9.83;1.67;1.76;2.25;0.00;1.67;1.38;1.48
04 02 25;10 57;35027672;S;B;1008;51.11;32.10;12.00;1.68;1.11;2.45;0.02;1.83;1.48;1.59
04 02 25;11 29;35027672;E;B;1008;38.84;28.41;18.78;2.60;3.99;2.80;0.07;1.85;1.24;1.37
04 02 25;11 36;35027672;S;B;1008;50.90;31.93;11.87;1.70;1.10;2.42;0.02;1.83;1.48;1.59
06 02 25;09 36;35027700;E;B;1523;45.96;24.79;17.91;1.37;3.92;2.34;0.06;2.35;1.69;1.85
06 02 25;09 53;35027700;S;B;1523;46.56;30.20;12.05;0.66;1.17;2.67;0.02;1.78;1.42;1.54
14 02 25;07 22;35027777;E;A;1022;39.65;30.41;11.47;1.89;4.66;3.01;0.05;1.53;1.19;1.30
14 02 25;07 30;35027777;S;A;1022;48.12;30.85;9.28;1.95;1.63;2.47;0.03;1.72;1.44;1.56
14 02 25;11 58;35027737;S;A;1011;48.66;31.29;9.53;1.76;1.49;2.41;0.04;1.73;1.44;1.56
19 02 25;05 22;35027819;E;A;1022;35.24;28.60;11.32;6.16;9.21;3.29;0.16;1.46;1.11;1.23
19 02 25;05 30;35027819;S;A;1022;47.31;30.86;10.21;1.32;2.79;2.99;0.05;1.70;1.40;1.53
25 02 25;11 19;35027885;E;A;1011;44.48;27.76;10.35;2.86;5.76;2.29;0.06;1.83;1.48;1.60
25 02 25;12 15;35027885;S;A;1011;41.72;29.57;9.95;1.72;2.40;2.34;0.03;1.62;1.31;1.41
25 02 25;11 47;35027889;E;A;1011;47.96;31.81;9.04;2.16;2.73;2.27;0.05;1.67;1.41;1.51
26 02 25;07 09;35027889;S;A;1011;48.76;32.22;8.97;1.80;2.73;2.08;0.04;1.68;1.42;1.51
27 02 25;09 23;35027901;E;A;1022;41.80;30.08;10.52;2.59;5.33;2.48;0.06;1.61;1.28;1.39
27 02 25;09 40;35027901;S;A;1022;47.82;32.10;9.57;2.02;1.38;2.54;0.03;1.66;1.38;1.49
04 03 25;05 54;35027986;E;A;1022;41.16;28.88;12.88;2.02;5.15;2.15;0.06;1.74;1.33;1.42
04 03 25;06 10;35027986;S;A;1022;47.67;30.51;11.60;1.41;1.70;2.13;0.03;1.82;1.46;1.56
06 03 25;05 43;35028032;E;A;1022;39.02;28.20;13.84;3.55;5.89;3.80;0.10;1.65;1.22;1.38
06 03 25;06 00;35028032;S;A;1022;47.15;29.58;12.25;1.50;1.45;4.44;0.03;1.75;1.39;1.59
11 03 25;09 27;35028073;E;A;1022;39.68;26.43;15.81;2.89;5.50;3.34;0.09;1.86;1.33;1.50
11 03 25;09 44;35028073;S;A;1022;45.93;29.68;13.06;0.74;1.21;3.26;0.02;1.79;1.39;1.55
13 03 25;11 47;35028101;E;A;1523;45.72;27.95;12.42;3.52;3.68;3.40;0.07;1.85;1.46;1.64
14 03 25;07 49;35028101;S;A;1523;45.31;28.95;10.69;1.30;1.47;3.17;0.03;1.74;1.41;1.57
18 03 25;05 37;35028137;E;A;1022;40.31;24.92;16.14;1.90;4.39;2.91;0.06;2.03;1.45;1.62
18 03 25;05 54;35028137;S;A;1022;45.98;30.37;13.82;0.64;1.15;3.46;0.02;1.77;1.36;1.51
21 03 25;02 09;35028164;E;A;1022;39.31;28.66;14.70;2.97;5.18;4.00;0.09;1.65;1.20;1.37
21 03 25;02 16;35028164;S;A;1022;54.99;31.94;11.18;0.89;0.82;3.64;0.02;1.86;1.55;1.72
27 03 25;11 46;35028200;E;A;1030;42.15;32.85;10.43;2.30;5.21;2.44;0.05;1.49;1.19;1.28
27 03 25;11 13;35028200;S;A;1030;46.54;33.53;10.87;0.87;1.28;2.64;0.01;1.59;1.29;1.39
27 03 25;13 04;35028200;S;A;1030;46.34;32.87;10.84;0.89;1.29;2.60;0.01;1.61;1.31;1.41
01 04 25;11 40;35028299;S;A;3702;52.53;32.57;7.21;0.77;1.41;1.98;0.02;1.73;1.52;1.61
03 04 25;06 03;35028300;S;A;3702;48.29;31.23;9.84;0.89;0.85;3.46;0.02;1.68;1.39;1.55
15 04 25;07 19;35028474;E;A;3702;45.94;29.48;9.02;1.72;4.24;2.96;0.06;1.69;1.42;1.56
18 04 25;05 40;35028514;E;A;1030;49.66;25.30;8.85;2.27;3.88;2.47;0.05;2.11;1.79;1.96
18 04 25;05 47;35028514;S;A;1030;51.93;32.27;8.04;0.83;1.03;2.64;0.02;1.72;1.49;1.61
22 04 25;05 34;35028603;E;A;3702;45.01;32.09;14.20;1.45;1.69;2.75;0.03;1.70;1.29;1.40
22 04 25;06 09;35028514;S;A;1030;51.51;31.90;8.02;0.93;1.04;2.67;0.02;1.72;1.49;1.61
23 04 25;08 24;35028514;S;B;1030;51.58;32.01;7.99;0.90;1.05;2.68;0.02;1.72;1.49;1.61
23 04 25;08 48;35028603;S;B;3702;51.71;31.01;9.18;1.02;3.34;2.64;0.03;1.81;1.54;1.67
14 05 25;00 14;35028789;E;A;3460;42.59;29.64;10.20;1.96;3.60;3.30;0.06;1.60;1.29;1.44
14 05 25;00 21;35028789;S;A;3460;49.63;30.91;9.50;0.78;1.06;3.25;0.02;1.73;1.45;1.61
15 05 25;06 39;35028820;E;A;3460;45.16;26.55;12.86;2.45;4.49;3.88;0.07;1.91;1.48;1.70
15 05 25;06 55;35028820;S;A;3460;47.07;29.87;10.58;1.29;1.41;3.60;0.03;1.72;1.41;1.58
20 05 25;10 35;35028872;E;A;3460;50.45;28.03;8.96;1.50;2.52;2.52;0.04;1.94;1.65;1.80
20 05 25;10 52;35028872;S;A;3460;56.16;31.98;6.02;0.80;0.42;2.97;0.02;1.78;1.61;1.76
22 05 25;11 16;35028898;E;A;3460;41.67;30.24;9.47;2.31;4.87;2.75;0.05;1.55;1.26;1.38
22 05 25;11 33;35028898;S;A;3460;47.05;30.73;9.55;0.73;1.18;3.00;0.01;1.68;1.39;1.53
28 05 25;06 30;35028944;S;B;1030;47.87;28.77;11.15;0.77;1.17;3.03;0.02;1.86;1.51;1.66
08 08 25;09 34;35029148;E;A;1022;45.82;28.88;9.24;1.92;3.18;2.73;0.04;1.74;1.45;1.59
08 08 25;09 42;35029148;S;A;1022;55.03;28.89;8.47;0.48;0.66;2.35;0.02;2.03;1.76;1.90
08 08 25;09 49;35029176;E;A;1022;43.87;30.01;11.47;1.79;3.14;2.66;0.04;1.69;1.34;1.46
08 08 25;09 56;35029176;S;A;1022;52.53;28.71;10.53;1.45;0.94;2.31;0.02;2.03;1.69;1.83
12 08 25;03 11;35029146;S;A;1022;50.14;29.32;8.42;0.94;0.83;2.11;0.02;1.86;1.60;1.71
12 08 25;14 34;35029146;E;A;1022;44.74;25.73;9.84;4.47;3.84;2.81;0.07;1.91;1.57;1.74
12 08 25;14 50;35029146;S;A;1022;49.76;29.14;8.30;1.10;0.86;2.17;0.03;1.85;1.59;1.71
13 08 25;10 00;35029246;S;A;1022;49.56;28.73;8.31;1.19;0.85;2.27;0.03;1.87;1.60;1.73
13 08 25;10 21;35029246;E;A;1022;44.28;24.94;9.47;4.43;3.79;2.75;0.06;1.94;1.60;1.78
13 08 25;23 26;35029278;E;A;1011;42.12;28.32;11.45;5.14;5.72;3.34;0.11;1.69;1.33;1.49
13 08 25;23 42;35029278;S;A;1011;49.82;29.51;8.70;1.12;3.19;2.44;0.04;1.83;1.56;1.69
14 08 25;23 28;35029287;E;A;1011;40.28;31.36;11.40;2.46;3.52;3.43;0.04;1.49;1.16;1.28
15 08 25;08 39;35029287;S;A;1011;52.51;28.53;9.47;2.35;0.90;2.94;0.02;1.97;1.67;1.84
21 08 25;09 46;35029386;S;A;1523;47.56;29.42;10.02;0.45;1.58;2.75;0.02;1.79;1.48;1.62
21 08 25;09 53;35029299;E;A;1011;42.35;29.91;12.03;3.64;5.67;3.04;0.06;1.65;1.29;1.42
21 08 25;10 52;35029386;S;A;1523;47.55;29.36;10.00;0.49;1.57;2.81;0.03;1.79;1.48;1.62
21 08 25;10 59;35029299;S;A;1011;49.90;30.04;8.97;1.51;3.28;2.30;0.04;1.82;1.54;1.66
21 08 25;12 03;35029393;E;A;1523;41.98;29.79;12.70;2.45;3.74;4.20;0.07;1.61;1.24;1.41
21 08 25;12 10;35029393;S;A;1523;54.03;28.55;10.09;1.07;0.63;3.19;0.02;2.02;1.70;1.89
21 08 25;13 39;35029386;E;A;1523;48.53;26.08;10.53;1.98;3.63;2.53;0.05;2.06;1.70;1.86
26 08 25;04 41;35029441;E;A;1022;43.06;31.45;10.33;1.95;4.10;2.54;0.04;1.57;1.27;1.37
26 08 25;04 48;35029441;S;A;1022;47.59;29.12;8.12;0.56;1.57;2.11;0.01;1.78;1.52;1.63
28 08 25;05 05;35029473;E;A;1022;40.61;30.66;11.88;2.66;4.90;2.93;0.05;1.56;1.21;1.32
28 08 25;05 12;35029473;S;A;1022;51.40;29.28;9.16;0.44;0.85;2.48;0.02;1.91;1.62;1.76
02 09 25;06 42;35029512;E;A;1022;48.46;25.96;11.64;2.44;3.42;2.44;0.04;2.12;1.71;1.87
02 09 25;06 59;35029512;S;A;1022;48.01;28.81;10.68;1.06;2.26;2.34;0.03;1.88;1.54;1.67
02 09 25;13 56;35029522;E;A;1022;45.89;30.06;11.09;2.05;4.03;2.84;0.04;1.73;1.39;1.53
02 09 25;14 03;35029522;S;A;1022;45.41;31.51;11.38;1.60;3.07;2.58;0.03;1.67;1.33;1.44
09 09 25;06 07;35029571;E;A;1022;40.02;31.02;11.07;4.34;5.87;3.24;0.07;1.49;1.17;1.29
09 09 25;06 15;35029571;S;A;1022;45.25;30.57;11.53;1.39;2.02;2.90;0.03;1.70;1.35;1.48
12 09 25;04 06;35029613;E;A;1011;43.31;31.55;10.97;2.04;3.71;2.97;0.04;1.57;1.25;1.37
12 09 25;04 13;35029613;S;A;1011;38.08;25.13;7.82;0.24;1.39;3.07;0.01;1.63;1.35;1.52
16 09 25;11 12;35029681;E;A;1022;47.16;27.40;10.27;2.51;3.83;2.89;0.06;1.90;1.56;1.72
16 09 25;11 29;35029681;S;A;1022;54.62;28.90;8.69;0.68;0.94;2.65;0.02;2.01;1.73;1.89
16 09 25;11 36;35029686;E;A;1022;51.59;24.65;10.25;2.00;3.51;2.47;0.05;2.28;1.90;2.09
16 09 25;11 43;35029686;S;A;1022;54.27;28.60;8.74;0.52;0.85;2.58;0.02;2.02;1.74;1.90
18 09 25;06 50;35029740;E;A;1011;41.75;29.71;10.65;5.83;7.05;2.79;0.10;1.61;1.28;1.41
24 09 25;05 49;35029777;E;A;1523;43.38;30.09;12.74;2.88;3.14;4.16;0.06;1.64;1.27;1.44
24 09 25;05 57;35029777;S;A;1523;54.08;28.09;9.44;1.27;1.37;2.95;0.03;2.05;1.74;1.93
29 09 25;08 53;35029740;E;B;1011;41.88;29.21;10.57;6.27;7.14;3.00;0.12;1.63;1.30;1.43
29 09 25;09 00;35029740;S;B;1011;51.08;30.77;7.55;1.01;2.02;2.00;0.03;1.79;1.56;1.66
30 09 25;09 52;35029874;E;A;1011;41.79;31.33;12.12;2.50;4.02;4.21;0.06;1.52;1.18;1.33
30 09 25;10 09;35029874;S;A;1011;50.28;30.01;8.90;1.00;1.59;3.24;0.03;1.78;1.51;1.68
30 09 25;10 36;35029820;E;A;1022;42.82;30.85;10.63;2.69;3.57;3.35;0.05;1.56;1.25;1.39
30 09 25;10 43;35029820;S;A;1022;49.54;28.95;8.01;1.02;1.28;1.82;0.03;1.87;1.61;1.71
01 10 25;05 46;35029874;E;A;1011;41.61;31.13;11.91;2.59;4.01;4.23;0.06;1.51;1.18;1.34
01 10 25;06 03;35029874;S;A;1011;50.05;29.79;8.81;1.09;1.59;3.25;0.03;1.78;1.51;1.68
02 10 25;10 44;35029915;E;A;1008;43.21;31.34;10.98;2.29;4.06;2.60;0.03;1.60;1.27;1.38
02 10 25;11 00;35029915;S;A;1008;47.52;30.12;10.47;0.81;1.09;2.38;0.02;1.78;1.46;1.58
07 10 25;05 15;35029972;E;A;3460;44.61;30.58;10.29;2.49;4.07;4.36;0.07;1.57;1.28;1.46
07 10 25;05 31;35029972;S;A;3460;46.75;29.33;9.65;0.95;2.26;4.13;0.04;1.69;1.40;1.59
07 10 25;15 02;35029970;E;A;3460;44.79;30.26;9.67;2.10;3.89;4.01;0.06;1.59;1.31;1.48
07 10 25;15 19;35029970;S;A;3460;47.34;30.02;7.90;0.84;2.09;2.97;0.03;1.67;1.43;1.58
09 10 25;05 41;35030005;E;A;3460;45.79;30.18;9.77;1.71;3.91;4.06;0.04;1.62;1.34;1.52
09 10 25;05 48;35030005;S;A;3460;48.72;30.09;8.20;0.78;2.16;3.01;0.03;1.72;1.47;1.62
14 10 25;11 04;35030065;E;A;3460;45.34;28.95;10.33;2.42;3.29;5.67;0.07;1.61;1.31;1.57
14 10 25;11 21;35030065;S;A;3460;45.88;29.79;10.08;1.20;2.37;5.81;0.04;1.57;1.29;1.54
15 10 25;11 06;35030059;E;A;3460;52.02;28.29;9.14;1.07;2.17;2.67;0.05;1.98;1.68;1.84
15 10 25;11 13;35030059;S;A;3460;51.33;29.62;8.07;0.42;1.51;2.39;0.03;1.86;1.60;1.73
04 11 25;04 58;35030271;E;A;3460;43.82;29.47;11.93;2.39;3.48;4.84;0.08;1.63;1.28;1.49
04 11 25;05 06;35030271;S;A;3460;47.77;28.05;10.51;0.43;1.30;4.71;0.03;1.78;1.46;1.70
11 11 25;06 40;35030348;E;A;1022;45.54;28.64;9.33;2.68;3.67;4.24;0.07;1.67;1.39;1.59
11 11 25;06 56;35030348;S;A;1022;49.98;30.09;7.84;1.67;1.97;2.12;0.05;1.79;1.55;1.66
11 11 25;12 36;35030355;E;A;1022;44.57;26.18;12.16;2.14;4.02;2.20;0.08;2.00;1.57;1.70
11 11 25;12 44;35030355;S;A;1022;50.20;29.49;7.28;1.63;1.66;1.71;0.04;1.84;1.61;1.70
14 11 25;05 19;35030383;E;A;1022;48.89;24.78;9.27;1.69;2.41;2.47;0.06;2.13;1.79;1.97
14 11 25;05 35;35030383;S;A;1022;52.61;28.52;8.15;0.34;1.50;2.14;0.03;1.98;1.72;1.84
18 11 25;04 52;35030417;E;A;1022;43.85;30.12;9.73;2.25;4.72;2.42;0.07;1.65;1.35;1.46
18 11 25;05 08;35030417;S;A;1022;50.94;29.88;7.83;0.87;2.16;2.42;0.03;1.82;1.58;1.70
18 11 25;15 42;35030383;E;A;1022;32.57;22.72;17.94;30.60;6.06;8.46;0.65;1.62;1.04;1.43
26 11 25;10 50;35030491;E;A;1008;45.42;25.45;11.01;4.03;4.08;6.09;0.11;1.79;1.44;1.78
26 11 25;10 57;35030491;S;A;1008;45.03;26.12;10.20;2.61;3.11;8.58;0.08;1.59;1.30;1.72
26 11 25;11 04;35030495;E;A;1008;50.04;26.41;9.66;1.47;2.03;2.27;0.03;2.08;1.75;1.89
26 11 25;11 11;35030495;S;A;1008;45.15;30.18;10.13;1.48;2.51;2.67;0.03;1.68;1.37;1.50
02 12 25;15 40;35030567;E;A;1022;48.53;30.50;7.62;1.76;3.49;1.75;0.05;1.74;1.50;1.59
02 12 25;15 57;35030567;S;A;1022;47.77;30.39;9.00;1.75;2.46;2.01;0.04;1.75;1.47;1.57
12 12 25;10 20;35030679;E;A;1523;47.33;27.31;10.91;1.81;2.86;3.63;0.08;1.88;1.53;1.73
12 12 25;10 27;35030679;S;A;1523;46.94;30.10;10.07;1.34;2.29;3.33;0.04;1.71;1.40;1.56
22 12 25;10 06;35030740;E;A;1008;39.74;28.77;10.69;6.69;6.11;2.26;0.17;1.63;1.28;1.38
22 12 25;10 13;35030740;S;A;1008;47.04;28.87;7.32;1.47;2.61;1.64;0.05;1.78;1.54;1.63
22 01 26;05 28;35031074;E;A;1012;47.04;27.02;8.97;2.94;3.30;3.25;0.08;1.85;1.55;1.74
22 01 26;05 45;35031074;S;A;1012;52.46;28.77;8.34;1.31;1.92;2.94;0.05;1.92;1.65;1.82
30 01 26;06 54;35031116;E;A;1011 CAU;50.18;23.28;8.01;2.36;2.20;3.56;0.08;2.17;1.87;2.16
30 01 26;07 11;35031116;S;A;1011CAU;43.63;28.74;10.52;3.02;4.69;3.97;0.09;1.66;1.33;1.52
05 02 26;09 33;35031255;E;A;1018 CAU;48.04;27.93;9.88;1.98;1.99;3.45;0.07;1.85;1.53;1.72
05 02 26;09 40;35031255;S;A;1018 CAU ;55.72;28.40;6.50;0.19;0.55;2.46;0.02;2.02;1.81;1.96
10 02 26;15 21;35031338;E;A;1018 CAU;46.86;26.91;9.35;1.96;1.96;3.31;0.05;1.86;1.55;1.74
10 02 26;15 37;35031338;S;A;1018 CAU;55.40;28.27;6.42;0.23;0.56;2.52;0.02;2.01;1.80;1.96
24 02 26;15 45;35031472;E;A;1022;46.18;28.28;9.35;1.92;2.73;3.66;0.06;1.74;1.45;1.63
24 02 26;16 02;35031472;S;A;1022;50.12;29.80;8.52;1.09;1.43;2.21;0.03;1.83;1.57;1.68
28 04 26;14 30;35032071;E;B;1022;42.81;28.83;10.63;2.31;4.12;3.82;0.07;1.64;1.31;1.49
28 04 26;14 38;35032071;S;B;1022;52.60;28.38;8.68;0.70;1.18;3.09;0.02;1.95;1.67;1.85
04 05 26;04 27;35032090;E;B;1022;46.30;28.03;9.33;2.52;3.29;3.15;0.08;1.78;1.49;1.65
04 05 26;04 35;35032090;S;B;1022;51.75;28.39;7.24;0.39;1.11;2.35;0.02;1.92;1.68;1.82
